ID,Type,PieceMark,Section,Material,StartX,StartY,StartZ,EndX,EndY,EndZ,Leg_Start,Leg_End
00100011,beam,M11,L40x4,A36,-0.55,-0.55,45.85,0.55,-0.55,46.925,"{'ID': '00100001', 'Type': 'beam', 'PieceMark': 'M1', 'Section': 'L80x6', 'Material': 'A36', 'StartX': -0.55, 'StartY': -0.55, 'StartZ': 45.85, 'EndX': -0.55, 'EndY': -0.55, 'EndZ': 48.0}","{'ID': '00100002', 'Type': 'beam', 'PieceMark': 'M2', 'Section': 'L80x6', 'Material': 'A36', 'StartX': 0.55, 'StartY': -0.55, 'StartZ': 45.85, 'EndX': 0.55, 'EndY': -0.55, 'EndZ': 48.0}"
00100012,beam,M12,L40x4,A36,0.55,-0.55,45.85,0.55,0.55,46.925,"{'ID': '00100002', 'Type': 'beam', 'PieceMark': 'M2', 'Section': 'L80x6', 'Material': 'A36', 'StartX': 0.55, 'StartY': -0.55, 'StartZ': 45.85, 'EndX': 0.55, 'EndY': -0.55, 'EndZ': 48.0}","{'ID': '00100003', 'Type': 'beam', 'PieceMark': 'M3', 'Section': 'L80x6', 'Material': 'A36', 'StartX': 0.55, 'StartY': 0.55, 'StartZ': 45.85, 'EndX': 0.55, 'EndY': 0.55, 'EndZ': 48.0}"
00100013,beam,M13,L40x4,A36,0.55,0.55,45.85,-0.55,0.55,46.925,"{'ID': '00100003', 'Type': 'beam', 'PieceMark': 'M3', 'Section': 'L80x6', 'Material': 'A36', 'StartX': 0.55, 'StartY': 0.55, 'StartZ': 45.85, 'EndX': 0.55, 'EndY': 0.55, 'EndZ': 48.0}","{'ID': '00100004', 'Type': 'beam', 'PieceMark': 'M4', 'Section': 'L80x6', 'Material': 'A36', 'StartX': -0.55, 'StartY': 0.55, 'StartZ': 45.85, 'EndX': -0.55, 'EndY': 0.55, 'EndZ': 48.0}"
00100014,beam,M14,L40x4,A36,-0.55,0.55,45.85,-0.55,-0.55,46.925,"{'ID': '00100004', 'Type': 'beam', 'PieceMark': 'M4', 'Section': 'L80x6', 'Material': 'A36', 'StartX': -0.55, 'StartY': 0.55, 'StartZ': 45.85, 'EndX': -0.55, 'EndY': 0.55, 'EndZ': 48.0}","{'ID': '00100001', 'Type': 'beam', 'PieceMark': 'M1', 'Section': 'L80x6', 'Material': 'A36', 'StartX': -0.55, 'StartY': -0.55, 'StartZ': 45.85, 'EndX': -0.55, 'EndY': -0.55, 'EndZ': 48.0}"
00100015,beam,M15,L40x4,A36,0.55,-0.55,46.925,-0.55,-0.55,48.0,"{'ID': '00100002', 'Type': 'beam', 'PieceMark': 'M2', 'Section': 'L80x6', 'Material': 'A36', 'StartX': 0.55, 'StartY': -0.55, 'StartZ': 45.85, 'EndX': 0.55, 'EndY': -0.55, 'EndZ': 48.0}","{'ID': '00100001', 'Type': 'beam', 'PieceMark': 'M1', 'Section': 'L80x6', 'Material': 'A36', 'StartX': -0.55, 'StartY': -0.55, 'StartZ': 45.85, 'EndX': -0.55, 'EndY': -0.55, 'EndZ': 48.0}"
00100016,beam,M16,L40x4,A36,0.55,0.55,46.925,0.55,-0.55,48.0,"{'ID': '00100003', 'Type': 'beam', 'PieceMark': 'M3', 'Section': 'L80x6', 'Material': 'A36', 'StartX': 0.55, 'StartY': 0.55, 'StartZ': 45.85, 'EndX': 0.55, 'EndY': 0.55, 'EndZ': 48.0}","{'ID': '00100002', 'Type': 'beam', 'PieceMark': 'M2', 'Section': 'L80x6', 'Material': 'A36', 'StartX': 0.55, 'StartY': -0.55, 'StartZ': 45.85, 'EndX': 0.55, 'EndY': -0.55, 'EndZ': 48.0}"
00100017,beam,M17,L40x4,A36,-0.55,0.55,46.925,0.55,0.55,48.0,"{'ID': '00100004', 'Type': 'beam', 'PieceMark': 'M4', 'Section': 'L80x6', 'Material': 'A36', 'StartX': -0.55, 'StartY': 0.55, 'StartZ': 45.85, 'EndX': -0.55, 'EndY': 0.55, 'EndZ': 48.0}","{'ID': '00100003', 'Type': 'beam', 'PieceMark': 'M3', 'Section': 'L80x6', 'Material': 'A36', 'StartX': 0.55, 'StartY': 0.55, 'StartZ': 45.85, 'EndX': 0.55, 'EndY': 0.55, 'EndZ': 48.0}"
00100018,beam,M18,L40x4,A36,-0.55,-0.55,46.925,-0.55,0.55,48.0,"{'ID': '00100001', 'Type': 'beam', 'PieceMark': 'M1', 'Section': 'L80x6', 'Material': 'A36', 'StartX': -0.55, 'StartY': -0.55, 'StartZ': 45.85, 'EndX': -0.55, 'EndY': -0.55, 'EndZ': 48.0}","{'ID': '00100004', 'Type': 'beam', 'PieceMark': 'M4', 'Section': 'L80x6', 'Material': 'A36', 'StartX': -0.55, 'StartY': 0.55, 'StartZ': 45.85, 'EndX': -0.55, 'EndY': 0.55, 'EndZ': 48.0}"
00100027,beam,M27,L40x4,A36,-0.55,-0.55,43.7,0.55,-0.55,44.775,"{'ID': '00100019', 'Type': 'beam', 'PieceMark': 'M19', 'Section': 'L80x6', 'Material': 'A36', 'StartX': -0.55, 'StartY': -0.55, 'StartZ': 43.7, 'EndX': -0.55, 'EndY': -0.55, 'EndZ': 45.85}","{'ID': '00100020', 'Type': 'beam', 'PieceMark': 'M20', 'Section': 'L80x6', 'Material': 'A36', 'StartX': 0.55, 'StartY': -0.55, 'StartZ': 43.7, 'EndX': 0.55, 'EndY': -0.55, 'EndZ': 45.85}"
00100028,beam,M28,L40x4,A36,0.55,-0.55,43.7,0.55,0.55,44.775,"{'ID': '00100020', 'Type': 'beam', 'PieceMark': 'M20', 'Section': 'L80x6', 'Material': 'A36', 'StartX': 0.55, 'StartY': -0.55, 'StartZ': 43.7, 'EndX': 0.55, 'EndY': -0.55, 'EndZ': 45.85}","{'ID': '00100021', 'Type': 'beam', 'PieceMark': 'M21', 'Section': 'L80x6', 'Material': 'A36', 'StartX': 0.55, 'StartY': 0.55, 'StartZ': 43.7, 'EndX': 0.55, 'EndY': 0.55, 'EndZ': 45.85}"
00100029,beam,M29,L40x4,A36,0.55,0.55,43.7,-0.55,0.55,44.775,"{'ID': '00100021', 'Type': 'beam', 'PieceMark': 'M21', 'Section': 'L80x6', 'Material': 'A36', 'StartX': 0.55, 'StartY': 0.55, 'StartZ': 43.7, 'EndX': 0.55, 'EndY': 0.55, 'EndZ': 45.85}","{'ID': '00100022', 'Type': 'beam', 'PieceMark': 'M22', 'Section': 'L80x6', 'Material': 'A36', 'StartX': -0.55, 'StartY': 0.55, 'StartZ': 43.7, 'EndX': -0.55, 'EndY': 0.55, 'EndZ': 45.85}"
00100030,beam,M30,L40x4,A36,-0.55,0.55,43.7,-0.55,-0.55,44.775,"{'ID': '00100022', 'Type': 'beam', 'PieceMark': 'M22', 'Section': 'L80x6', 'Material': 'A36', 'StartX': -0.55, 'StartY': 0.55, 'StartZ': 43.7, 'EndX': -0.55, 'EndY': 0.55, 'EndZ': 45.85}","{'ID': '00100019', 'Type': 'beam', 'PieceMark': 'M19', 'Section': 'L80x6', 'Material': 'A36', 'StartX': -0.55, 'StartY': -0.55, 'StartZ': 43.7, 'EndX': -0.55, 'EndY': -0.55, 'EndZ': 45.85}"
00100031,beam,M31,L40x4,A36,0.55,-0.55,44.775,-0.55,-0.55,45.85,"{'ID': '00100020', 'Type': 'beam', 'PieceMark': 'M20', 'Section': 'L80x6', 'Material': 'A36', 'StartX': 0.55, 'StartY': -0.55, 'StartZ': 43.7, 'EndX': 0.55, 'EndY': -0.55, 'EndZ': 45.85}","{'ID': '00100019', 'Type': 'beam', 'PieceMark': 'M19', 'Section': 'L80x6', 'Material': 'A36', 'StartX': -0.55, 'StartY': -0.55, 'StartZ': 43.7, 'EndX': -0.55, 'EndY': -0.55, 'EndZ': 45.85}"
00100032,beam,M32,L40x4,A36,0.55,0.55,44.775,0.55,-0.55,45.85,"{'ID': '00100021', 'Type': 'beam', 'PieceMark': 'M21', 'Section': 'L80x6', 'Material': 'A36', 'StartX': 0.55, 'StartY': 0.55, 'StartZ': 43.7, 'EndX': 0.55, 'EndY': 0.55, 'EndZ': 45.85}","{'ID': '00100020', 'Type': 'beam', 'PieceMark': 'M20', 'Section': 'L80x6', 'Material': 'A36', 'StartX': 0.55, 'StartY': -0.55, 'StartZ': 43.7, 'EndX': 0.55, 'EndY': -0.55, 'EndZ': 45.85}"
00100033,beam,M33,L40x4,A36,-0.55,0.55,44.775,0.55,0.55,45.85,"{'ID': '00100022', 'Type': 'beam', 'PieceMark': 'M22', 'Section': 'L80x6', 'Material': 'A36', 'StartX': -0.55, 'StartY': 0.55, 'StartZ': 43.7, 'EndX': -0.55, 'EndY': 0.55, 'EndZ': 45.85}","{'ID': '00100021', 'Type': 'beam', 'PieceMark': 'M21', 'Section': 'L80x6', 'Material': 'A36', 'StartX': 0.55, 'StartY': 0.55, 'StartZ': 43.7, 'EndX': 0.55, 'EndY': 0.55, 'EndZ': 45.85}"
00100034,beam,M34,L40x4,A36,-0.55,-0.55,44.775,-0.55,0.55,45.85,"{'ID': '00100019', 'Type': 'beam', 'PieceMark': 'M19', 'Section': 'L80x6', 'Material': 'A36', 'StartX': -0.55, 'StartY': -0.55, 'StartZ': 43.7, 'EndX': -0.55, 'EndY': -0.55, 'EndZ': 45.85}","{'ID': '00100004', 'Type': 'beam', 'PieceMark': 'M4', 'Section': 'L80x6', 'Material': 'A36', 'StartX': -0.55, 'StartY': 0.55, 'StartZ': 45.85, 'EndX': -0.55, 'EndY': 0.55, 'EndZ': 48.0}"
00100043,beam,M43,L40x4,A36,-0.55,-0.55,41.55,0.55,-0.55,42.625,"{'ID': '00100035', 'Type': 'beam', 'PieceMark': 'M35', 'Section': 'L80X6', 'Material': 'A36', 'StartX': -0.55, 'StartY': -0.55, 'StartZ': 41.55, 'EndX': -0.55, 'EndY': -0.55, 'EndZ': 43.7}","{'ID': '00100036', 'Type': 'beam', 'PieceMark': 'M36', 'Section': 'L80X6', 'Material': 'A36', 'StartX': 0.55, 'StartY': -0.55, 'StartZ': 41.55, 'EndX': 0.55, 'EndY': -0.55, 'EndZ': 43.7}"
00100044,beam,M44,L40x4,A36,0.55,-0.55,41.55,0.55,0.55,42.625,"{'ID': '00100036', 'Type': 'beam', 'PieceMark': 'M36', 'Section': 'L80X6', 'Material': 'A36', 'StartX': 0.55, 'StartY': -0.55, 'StartZ': 41.55, 'EndX': 0.55, 'EndY': -0.55, 'EndZ': 43.7}","{'ID': '00100037', 'Type': 'beam', 'PieceMark': 'M37', 'Section': 'L80X6', 'Material': 'A36', 'StartX': 0.55, 'StartY': 0.55, 'StartZ': 41.55, 'EndX': 0.55, 'EndY': 0.55, 'EndZ': 43.7}"
00100045,beam,M45,L40x4,A36,0.55,0.55,41.55,-0.55,0.55,42.625,"{'ID': '00100037', 'Type': 'beam', 'PieceMark': 'M37', 'Section': 'L80X6', 'Material': 'A36', 'StartX': 0.55, 'StartY': 0.55, 'StartZ': 41.55, 'EndX': 0.55, 'EndY': 0.55, 'EndZ': 43.7}","{'ID': '00100038', 'Type': 'beam', 'PieceMark': 'M38', 'Section': 'L80X6', 'Material': 'A36', 'StartX': -0.55, 'StartY': 0.55, 'StartZ': 41.55, 'EndX': -0.55, 'EndY': 0.55, 'EndZ': 43.7}"
00100046,beam,M46,L40x4,A36,-0.55,0.55,41.55,-0.55,-0.55,42.625,"{'ID': '00100038', 'Type': 'beam', 'PieceMark': 'M38', 'Section': 'L80X6', 'Material': 'A36', 'StartX': -0.55, 'StartY': 0.55, 'StartZ': 41.55, 'EndX': -0.55, 'EndY': 0.55, 'EndZ': 43.7}","{'ID': '00100035', 'Type': 'beam', 'PieceMark': 'M35', 'Section': 'L80X6', 'Material': 'A36', 'StartX': -0.55, 'StartY': -0.55, 'StartZ': 41.55, 'EndX': -0.55, 'EndY': -0.55, 'EndZ': 43.7}"
00100047,beam,M47,L40x4,A36,0.55,-0.55,42.625,-0.55,-0.55,43.7,"{'ID': '00100036', 'Type': 'beam', 'PieceMark': 'M36', 'Section': 'L80X6', 'Material': 'A36', 'StartX': 0.55, 'StartY': -0.55, 'StartZ': 41.55, 'EndX': 0.55, 'EndY': -0.55, 'EndZ': 43.7}","{'ID': '00100035', 'Type': 'beam', 'PieceMark': 'M35', 'Section': 'L80X6', 'Material': 'A36', 'StartX': -0.55, 'StartY': -0.55, 'StartZ': 41.55, 'EndX': -0.55, 'EndY': -0.55, 'EndZ': 43.7}"
00100048,beam,M48,L40x4,A36,0.55,0.55,42.625,0.55,-0.55,43.7,"{'ID': '00100037', 'Type': 'beam', 'PieceMark': 'M37', 'Section': 'L80X6', 'Material': 'A36', 'StartX': 0.55, 'StartY': 0.55, 'StartZ': 41.55, 'EndX': 0.55, 'EndY': 0.55, 'EndZ': 43.7}","{'ID': '00100036', 'Type': 'beam', 'PieceMark': 'M36', 'Section': 'L80X6', 'Material': 'A36', 'StartX': 0.55, 'StartY': -0.55, 'StartZ': 41.55, 'EndX': 0.55, 'EndY': -0.55, 'EndZ': 43.7}"
00100049,beam,M49,L40x4,A36,-0.55,0.55,42.625,0.55,0.55,43.7,"{'ID': '00100038', 'Type': 'beam', 'PieceMark': 'M38', 'Section': 'L80X6', 'Material': 'A36', 'StartX': -0.55, 'StartY': 0.55, 'StartZ': 41.55, 'EndX': -0.55, 'EndY': 0.55, 'EndZ': 43.7}","{'ID': '00100037', 'Type': 'beam', 'PieceMark': 'M37', 'Section': 'L80X6', 'Material': 'A36', 'StartX': 0.55, 'StartY': 0.55, 'StartZ': 41.55, 'EndX': 0.55, 'EndY': 0.55, 'EndZ': 43.7}"
00100050,beam,M50,L40x4,A36,-0.55,-0.55,42.625,-0.55,0.55,43.7,"{'ID': '00100035', 'Type': 'beam', 'PieceMark': 'M35', 'Section': 'L80X6', 'Material': 'A36', 'StartX': -0.55, 'StartY': -0.55, 'StartZ': 41.55, 'EndX': -0.55, 'EndY': -0.55, 'EndZ': 43.7}","{'ID': '00100022', 'Type': 'beam', 'PieceMark': 'M22', 'Section': 'L80x6', 'Material': 'A36', 'StartX': -0.55, 'StartY': 0.55, 'StartZ': 43.7, 'EndX': -0.55, 'EndY': 0.55, 'EndZ': 45.85}"
00100059,beam,M59,L40x5,A36,-0.55,-0.55,39.5,0.55,-0.55,40.525,"{'ID': '00100051', 'Type': 'beam', 'PieceMark': 'M51', 'Section': 'L80X7', 'Material': 'A36', 'StartX': -0.55, 'StartY': -0.55, 'StartZ': 39.5, 'EndX': -0.55, 'EndY': -0.55, 'EndZ': 41.55}","{'ID': '00100052', 'Type': 'beam', 'PieceMark': 'M52', 'Section': 'L80X7', 'Material': 'A36', 'StartX': 0.55, 'StartY': -0.55, 'StartZ': 39.5, 'EndX': 0.55, 'EndY': -0.55, 'EndZ': 41.55}"
00100060,beam,M60,L40x5,A36,0.55,-0.55,39.5,0.55,0.55,40.525,"{'ID': '00100052', 'Type': 'beam', 'PieceMark': 'M52', 'Section': 'L80X7', 'Material': 'A36', 'StartX': 0.55, 'StartY': -0.55, 'StartZ': 39.5, 'EndX': 0.55, 'EndY': -0.55, 'EndZ': 41.55}","{'ID': '00100053', 'Type': 'beam', 'PieceMark': 'M53', 'Section': 'L80X7', 'Material': 'A36', 'StartX': 0.55, 'StartY': 0.55, 'StartZ': 39.5, 'EndX': 0.55, 'EndY': 0.55, 'EndZ': 41.55}"
00100061,beam,M61,L40x5,A36,0.55,0.55,39.5,-0.55,0.55,40.525,"{'ID': '00100053', 'Type': 'beam', 'PieceMark': 'M53', 'Section': 'L80X7', 'Material': 'A36', 'StartX': 0.55, 'StartY': 0.55, 'StartZ': 39.5, 'EndX': 0.55, 'EndY': 0.55, 'EndZ': 41.55}","{'ID': '00100054', 'Type': 'beam', 'PieceMark': 'M54', 'Section': 'L80X7', 'Material': 'A36', 'StartX': -0.55, 'StartY': 0.55, 'StartZ': 39.5, 'EndX': -0.55, 'EndY': 0.55, 'EndZ': 41.55}"
00100062,beam,M62,L40x5,A36,-0.55,0.55,39.5,-0.55,-0.55,40.525,"{'ID': '00100054', 'Type': 'beam', 'PieceMark': 'M54', 'Section': 'L80X7', 'Material': 'A36', 'StartX': -0.55, 'StartY': 0.55, 'StartZ': 39.5, 'EndX': -0.55, 'EndY': 0.55, 'EndZ': 41.55}","{'ID': '00100051', 'Type': 'beam', 'PieceMark': 'M51', 'Section': 'L80X7', 'Material': 'A36', 'StartX': -0.55, 'StartY': -0.55, 'StartZ': 39.5, 'EndX': -0.55, 'EndY': -0.55, 'EndZ': 41.55}"
00100063,beam,M63,L40x5,A36,0.55,-0.55,40.525,-0.55,-0.55,41.55,"{'ID': '00100052', 'Type': 'beam', 'PieceMark': 'M52', 'Section': 'L80X7', 'Material': 'A36', 'StartX': 0.55, 'StartY': -0.55, 'StartZ': 39.5, 'EndX': 0.55, 'EndY': -0.55, 'EndZ': 41.55}","{'ID': '00100051', 'Type': 'beam', 'PieceMark': 'M51', 'Section': 'L80X7', 'Material': 'A36', 'StartX': -0.55, 'StartY': -0.55, 'StartZ': 39.5, 'EndX': -0.55, 'EndY': -0.55, 'EndZ': 41.55}"
00100064,beam,M64,L40x5,A36,0.55,0.55,40.525,0.55,-0.55,41.55,"{'ID': '00100053', 'Type': 'beam', 'PieceMark': 'M53', 'Section': 'L80X7', 'Material': 'A36', 'StartX': 0.55, 'StartY': 0.55, 'StartZ': 39.5, 'EndX': 0.55, 'EndY': 0.55, 'EndZ': 41.55}","{'ID': '00100052', 'Type': 'beam', 'PieceMark': 'M52', 'Section': 'L80X7', 'Material': 'A36', 'StartX': 0.55, 'StartY': -0.55, 'StartZ': 39.5, 'EndX': 0.55, 'EndY': -0.55, 'EndZ': 41.55}"
00100065,beam,M65,L40x5,A36,-0.55,0.55,40.525,0.55,0.55,41.55,"{'ID': '00100054', 'Type': 'beam', 'PieceMark': 'M54', 'Section': 'L80X7', 'Material': 'A36', 'StartX': -0.55, 'StartY': 0.55, 'StartZ': 39.5, 'EndX': -0.55, 'EndY': 0.55, 'EndZ': 41.55}","{'ID': '00100053', 'Type': 'beam', 'PieceMark': 'M53', 'Section': 'L80X7', 'Material': 'A36', 'StartX': 0.55, 'StartY': 0.55, 'StartZ': 39.5, 'EndX': 0.55, 'EndY': 0.55, 'EndZ': 41.55}"
00100066,beam,M66,L40x5,A36,-0.55,-0.55,40.525,-0.55,0.55,41.55,"{'ID': '00100051', 'Type': 'beam', 'PieceMark': 'M51', 'Section': 'L80X7', 'Material': 'A36', 'StartX': -0.55, 'StartY': -0.55, 'StartZ': 39.5, 'EndX': -0.55, 'EndY': -0.55, 'EndZ': 41.55}","{'ID': '00100038', 'Type': 'beam', 'PieceMark': 'M38', 'Section': 'L80X6', 'Material': 'A36', 'StartX': -0.55, 'StartY': 0.55, 'StartZ': 41.55, 'EndX': -0.55, 'EndY': 0.55, 'EndZ': 43.7}"
00100075,beam,M75,L40x5,A36,-0.55,-0.55,37.5,0.55,-0.55,38.5,"{'ID': '00100067', 'Type': 'beam', 'PieceMark': 'M67', 'Section': 'L80X7', 'Material': 'A36', 'StartX': -0.55, 'StartY': -0.55, 'StartZ': 37.5, 'EndX': -0.55, 'EndY': -0.55, 'EndZ': 39.5}","{'ID': '00100068', 'Type': 'beam', 'PieceMark': 'M68', 'Section': 'L80X7', 'Material': 'A36', 'StartX': 0.55, 'StartY': -0.55, 'StartZ': 37.5, 'EndX': 0.55, 'EndY': -0.55, 'EndZ': 39.5}"
00100076,beam,M76,L40x5,A36,0.55,-0.55,37.5,0.55,0.55,38.5,"{'ID': '00100068', 'Type': 'beam', 'PieceMark': 'M68', 'Section': 'L80X7', 'Material': 'A36', 'StartX': 0.55, 'StartY': -0.55, 'StartZ': 37.5, 'EndX': 0.55, 'EndY': -0.55, 'EndZ': 39.5}","{'ID': '00100069', 'Type': 'beam', 'PieceMark': 'M69', 'Section': 'L80X7', 'Material': 'A36', 'StartX': 0.55, 'StartY': 0.55, 'StartZ': 37.5, 'EndX': 0.55, 'EndY': 0.55, 'EndZ': 39.5}"
00100077,beam,M77,L40x5,A36,0.55,0.55,37.5,-0.55,0.55,38.5,"{'ID': '00100069', 'Type': 'beam', 'PieceMark': 'M69', 'Section': 'L80X7', 'Material': 'A36', 'StartX': 0.55, 'StartY': 0.55, 'StartZ': 37.5, 'EndX': 0.55, 'EndY': 0.55, 'EndZ': 39.5}","{'ID': '00100070', 'Type': 'beam', 'PieceMark': 'M70', 'Section': 'L80X7', 'Material': 'A36', 'StartX': -0.55, 'StartY': 0.55, 'StartZ': 37.5, 'EndX': -0.55, 'EndY': 0.55, 'EndZ': 39.5}"
00100078,beam,M78,L40x5,A36,-0.55,0.55,37.5,-0.55,-0.55,38.5,"{'ID': '00100070', 'Type': 'beam', 'PieceMark': 'M70', 'Section': 'L80X7', 'Material': 'A36', 'StartX': -0.55, 'StartY': 0.55, 'StartZ': 37.5, 'EndX': -0.55, 'EndY': 0.55, 'EndZ': 39.5}","{'ID': '00100067', 'Type': 'beam', 'PieceMark': 'M67', 'Section': 'L80X7', 'Material': 'A36', 'StartX': -0.55, 'StartY': -0.55, 'StartZ': 37.5, 'EndX': -0.55, 'EndY': -0.55, 'EndZ': 39.5}"
00100079,beam,M79,L40x5,A36,0.55,-0.55,38.5,-0.55,-0.55,39.5,"{'ID': '00100068', 'Type': 'beam', 'PieceMark': 'M68', 'Section': 'L80X7', 'Material': 'A36', 'StartX': 0.55, 'StartY': -0.55, 'StartZ': 37.5, 'EndX': 0.55, 'EndY': -0.55, 'EndZ': 39.5}","{'ID': '00100067', 'Type': 'beam', 'PieceMark': 'M67', 'Section': 'L80X7', 'Material': 'A36', 'StartX': -0.55, 'StartY': -0.55, 'StartZ': 37.5, 'EndX': -0.55, 'EndY': -0.55, 'EndZ': 39.5}"
00100080,beam,M80,L40x5,A36,0.55,0.55,38.5,0.55,-0.55,39.5,"{'ID': '00100069', 'Type': 'beam', 'PieceMark': 'M69', 'Section': 'L80X7', 'Material': 'A36', 'StartX': 0.55, 'StartY': 0.55, 'StartZ': 37.5, 'EndX': 0.55, 'EndY': 0.55, 'EndZ': 39.5}","{'ID': '00100068', 'Type': 'beam', 'PieceMark': 'M68', 'Section': 'L80X7', 'Material': 'A36', 'StartX': 0.55, 'StartY': -0.55, 'StartZ': 37.5, 'EndX': 0.55, 'EndY': -0.55, 'EndZ': 39.5}"
00100081,beam,M81,L40x5,A36,-0.55,0.55,38.5,0.55,0.55,39.5,"{'ID': '00100070', 'Type': 'beam', 'PieceMark': 'M70', 'Section': 'L80X7', 'Material': 'A36', 'StartX': -0.55, 'StartY': 0.55, 'StartZ': 37.5, 'EndX': -0.55, 'EndY': 0.55, 'EndZ': 39.5}","{'ID': '00100069', 'Type': 'beam', 'PieceMark': 'M69', 'Section': 'L80X7', 'Material': 'A36', 'StartX': 0.55, 'StartY': 0.55, 'StartZ': 37.5, 'EndX': 0.55, 'EndY': 0.55, 'EndZ': 39.5}"
00100082,beam,M82,L40x5,A36,-0.55,-0.55,38.5,-0.55,0.55,39.5,"{'ID': '00100067', 'Type': 'beam', 'PieceMark': 'M67', 'Section': 'L80X7', 'Material': 'A36', 'StartX': -0.55, 'StartY': -0.55, 'StartZ': 37.5, 'EndX': -0.55, 'EndY': -0.55, 'EndZ': 39.5}","{'ID': '00100054', 'Type': 'beam', 'PieceMark': 'M54', 'Section': 'L80X7', 'Material': 'A36', 'StartX': -0.55, 'StartY': 0.55, 'StartZ': 39.5, 'EndX': -0.55, 'EndY': 0.55, 'EndZ': 41.55}"
00100091,beam,M91,L40x4,A36,-0.55,-0.55,36.0,0.55,-0.55,36.75,"{'ID': '00100083', 'Type': 'beam', 'PieceMark': 'M83', 'Section': 'L80X7', 'Material': 'A36', 'StartX': -0.55, 'StartY': -0.55, 'StartZ': 36.0, 'EndX': -0.55, 'EndY': -0.55, 'EndZ': 37.5}","{'ID': '00100084', 'Type': 'beam', 'PieceMark': 'M84', 'Section': 'L80X7', 'Material': 'A36', 'StartX': 0.55, 'StartY': -0.55, 'StartZ': 36.0, 'EndX': 0.55, 'EndY': -0.55, 'EndZ': 37.5}"
00100092,beam,M92,L40x4,A36,0.55,-0.55,36.0,0.55,0.55,36.75,"{'ID': '00100084', 'Type': 'beam', 'PieceMark': 'M84', 'Section': 'L80X7', 'Material': 'A36', 'StartX': 0.55, 'StartY': -0.55, 'StartZ': 36.0, 'EndX': 0.55, 'EndY': -0.55, 'EndZ': 37.5}","{'ID': '00100085', 'Type': 'beam', 'PieceMark': 'M85', 'Section': 'L80X7', 'Material': 'A36', 'StartX': 0.55, 'StartY': 0.55, 'StartZ': 36.0, 'EndX': 0.55, 'EndY': 0.55, 'EndZ': 37.5}"
00100093,beam,M93,L40x4,A36,0.55,0.55,36.0,-0.55,0.55,36.75,"{'ID': '00100085', 'Type': 'beam', 'PieceMark': 'M85', 'Section': 'L80X7', 'Material': 'A36', 'StartX': 0.55, 'StartY': 0.55, 'StartZ': 36.0, 'EndX': 0.55, 'EndY': 0.55, 'EndZ': 37.5}","{'ID': '00100086', 'Type': 'beam', 'PieceMark': 'M86', 'Section': 'L80X7', 'Material': 'A36', 'StartX': -0.55, 'StartY': 0.55, 'StartZ': 36.0, 'EndX': -0.55, 'EndY': 0.55, 'EndZ': 37.5}"
00100094,beam,M94,L40x4,A36,-0.55,0.55,36.0,-0.55,-0.55,36.75,"{'ID': '00100086', 'Type': 'beam', 'PieceMark': 'M86', 'Section': 'L80X7', 'Material': 'A36', 'StartX': -0.55, 'StartY': 0.55, 'StartZ': 36.0, 'EndX': -0.55, 'EndY': 0.55, 'EndZ': 37.5}","{'ID': '00100083', 'Type': 'beam', 'PieceMark': 'M83', 'Section': 'L80X7', 'Material': 'A36', 'StartX': -0.55, 'StartY': -0.55, 'StartZ': 36.0, 'EndX': -0.55, 'EndY': -0.55, 'EndZ': 37.5}"
00100095,beam,M95,L40x4,A36,0.55,-0.55,36.75,-0.55,-0.55,37.5,"{'ID': '00100084', 'Type': 'beam', 'PieceMark': 'M84', 'Section': 'L80X7', 'Material': 'A36', 'StartX': 0.55, 'StartY': -0.55, 'StartZ': 36.0, 'EndX': 0.55, 'EndY': -0.55, 'EndZ': 37.5}","{'ID': '00100083', 'Type': 'beam', 'PieceMark': 'M83', 'Section': 'L80X7', 'Material': 'A36', 'StartX': -0.55, 'StartY': -0.55, 'StartZ': 36.0, 'EndX': -0.55, 'EndY': -0.55, 'EndZ': 37.5}"
00100096,beam,M96,L40x4,A36,0.55,0.55,36.75,0.55,-0.55,37.5,"{'ID': '00100085', 'Type': 'beam', 'PieceMark': 'M85', 'Section': 'L80X7', 'Material': 'A36', 'StartX': 0.55, 'StartY': 0.55, 'StartZ': 36.0, 'EndX': 0.55, 'EndY': 0.55, 'EndZ': 37.5}","{'ID': '00100084', 'Type': 'beam', 'PieceMark': 'M84', 'Section': 'L80X7', 'Material': 'A36', 'StartX': 0.55, 'StartY': -0.55, 'StartZ': 36.0, 'EndX': 0.55, 'EndY': -0.55, 'EndZ': 37.5}"
00100097,beam,M97,L40x4,A36,-0.55,0.55,36.75,0.55,0.55,37.5,"{'ID': '00100086', 'Type': 'beam', 'PieceMark': 'M86', 'Section': 'L80X7', 'Material': 'A36', 'StartX': -0.55, 'StartY': 0.55, 'StartZ': 36.0, 'EndX': -0.55, 'EndY': 0.55, 'EndZ': 37.5}","{'ID': '00100085', 'Type': 'beam', 'PieceMark': 'M85', 'Section': 'L80X7', 'Material': 'A36', 'StartX': 0.55, 'StartY': 0.55, 'StartZ': 36.0, 'EndX': 0.55, 'EndY': 0.55, 'EndZ': 37.5}"
00100098,beam,M98,L40x4,A36,-0.55,-0.55,36.75,-0.55,0.55,37.5,"{'ID': '00100083', 'Type': 'beam', 'PieceMark': 'M83', 'Section': 'L80X7', 'Material': 'A36', 'StartX': -0.55, 'StartY': -0.55, 'StartZ': 36.0, 'EndX': -0.55, 'EndY': -0.55, 'EndZ': 37.5}","{'ID': '00100070', 'Type': 'beam', 'PieceMark': 'M70', 'Section': 'L80X7', 'Material': 'A36', 'StartX': -0.55, 'StartY': 0.55, 'StartZ': 37.5, 'EndX': -0.55, 'EndY': 0.55, 'EndZ': 39.5}"
00100109,beam,M109,L40x5,A36,-0.590625,-0.590625,33.75,0.570312,-0.570312,34.875,"{'ID': '00100099', 'Type': 'beam', 'PieceMark': 'M99', 'Section': 'L90x9', 'Material': 'A36', 'StartX': -0.590625, 'StartY': -0.590625, 'StartZ': 33.75, 'EndX': -0.55, 'EndY': -0.55, 'EndZ': 36.0}","{'ID': '00100100', 'Type': 'beam', 'PieceMark': 'M100', 'Section': 'L90x9', 'Material': 'A36', 'StartX': 0.590625, 'StartY': -0.590625, 'StartZ': 33.75, 'EndX': 0.55, 'EndY': -0.55, 'EndZ': 36.0}"
00100110,beam,M110,L40x5,A36,0.590625,-0.590625,33.75,0.570312,0.570312,34.875,"{'ID': '00100100', 'Type': 'beam', 'PieceMark': 'M100', 'Section': 'L90x9', 'Material': 'A36', 'StartX': 0.590625, 'StartY': -0.590625, 'StartZ': 33.75, 'EndX': 0.55, 'EndY': -0.55, 'EndZ': 36.0}","{'ID': '00100101', 'Type': 'beam', 'PieceMark': 'M101', 'Section': 'L90x9', 'Material': 'A36', 'StartX': 0.590625, 'StartY': 0.590625, 'StartZ': 33.75, 'EndX': 0.55, 'EndY': 0.55, 'EndZ': 36.0}"
00100111,beam,M111,L40x5,A36,0.590625,0.590625,33.75,-0.570312,0.570312,34.875,"{'ID': '00100101', 'Type': 'beam', 'PieceMark': 'M101', 'Section': 'L90x9', 'Material': 'A36', 'StartX': 0.590625, 'StartY': 0.590625, 'StartZ': 33.75, 'EndX': 0.55, 'EndY': 0.55, 'EndZ': 36.0}","{'ID': '00100102', 'Type': 'beam', 'PieceMark': 'M102', 'Section': 'L90x9', 'Material': 'A36', 'StartX': -0.590625, 'StartY': 0.590625, 'StartZ': 33.75, 'EndX': -0.55, 'EndY': 0.55, 'EndZ': 36.0}"
00100112,beam,M112,L40x5,A36,-0.590625,0.590625,33.75,-0.570312,-0.570312,34.875,"{'ID': '00100102', 'Type': 'beam', 'PieceMark': 'M102', 'Section': 'L90x9', 'Material': 'A36', 'StartX': -0.590625, 'StartY': 0.590625, 'StartZ': 33.75, 'EndX': -0.55, 'EndY': 0.55, 'EndZ': 36.0}","{'ID': '00100099', 'Type': 'beam', 'PieceMark': 'M99', 'Section': 'L90x9', 'Material': 'A36', 'StartX': -0.590625, 'StartY': -0.590625, 'StartZ': 33.75, 'EndX': -0.55, 'EndY': -0.55, 'EndZ': 36.0}"
00100113,beam,M113,L40x5,A36,0.570312,-0.570312,34.875,-0.55,-0.55,36.0,"{'ID': '00100100', 'Type': 'beam', 'PieceMark': 'M100', 'Section': 'L90x9', 'Material': 'A36', 'StartX': 0.590625, 'StartY': -0.590625, 'StartZ': 33.75, 'EndX': 0.55, 'EndY': -0.55, 'EndZ': 36.0}","{'ID': '00100099', 'Type': 'beam', 'PieceMark': 'M99', 'Section': 'L90x9', 'Material': 'A36', 'StartX': -0.590625, 'StartY': -0.590625, 'StartZ': 33.75, 'EndX': -0.55, 'EndY': -0.55, 'EndZ': 36.0}"
00100114,beam,M114,L40x5,A36,0.570312,0.570312,34.875,0.55,-0.55,36.0,"{'ID': '00100101', 'Type': 'beam', 'PieceMark': 'M101', 'Section': 'L90x9', 'Material': 'A36', 'StartX': 0.590625, 'StartY': 0.590625, 'StartZ': 33.75, 'EndX': 0.55, 'EndY': 0.55, 'EndZ': 36.0}","{'ID': '00100100', 'Type': 'beam', 'PieceMark': 'M100', 'Section': 'L90x9', 'Material': 'A36', 'StartX': 0.590625, 'StartY': -0.590625, 'StartZ': 33.75, 'EndX': 0.55, 'EndY': -0.55, 'EndZ': 36.0}"
00100115,beam,M115,L40x5,A36,-0.570312,0.570312,34.875,0.55,0.55,36.0,"{'ID': '00100102', 'Type': 'beam', 'PieceMark': 'M102', 'Section': 'L90x9', 'Material': 'A36', 'StartX': -0.590625, 'StartY': 0.590625, 'StartZ': 33.75, 'EndX': -0.55, 'EndY': 0.55, 'EndZ': 36.0}","{'ID': '00100101', 'Type': 'beam', 'PieceMark': 'M101', 'Section': 'L90x9', 'Material': 'A36', 'StartX': 0.590625, 'StartY': 0.590625, 'StartZ': 33.75, 'EndX': 0.55, 'EndY': 0.55, 'EndZ': 36.0}"
00100116,beam,M116,L40x5,A36,-0.570312,-0.570312,34.875,-0.55,0.55,36.0,"{'ID': '00100099', 'Type': 'beam', 'PieceMark': 'M99', 'Section': 'L90x9', 'Material': 'A36', 'StartX': -0.590625, 'StartY': -0.590625, 'StartZ': 33.75, 'EndX': -0.55, 'EndY': -0.55, 'EndZ': 36.0}","{'ID': '00100086', 'Type': 'beam', 'PieceMark': 'M86', 'Section': 'L80X7', 'Material': 'A36', 'StartX': -0.55, 'StartY': 0.55, 'StartZ': 36.0, 'EndX': -0.55, 'EndY': 0.55, 'EndZ': 37.5}"
00100125,beam,M125,L40x5,A36,-0.627639,-0.627639,31.7,0.609132,-0.609132,32.725,"{'ID': '00100117', 'Type': 'beam', 'PieceMark': 'M117', 'Section': 'L90x9', 'Material': 'A36', 'StartX': -0.627639, 'StartY': -0.627639, 'StartZ': 31.7, 'EndX': -0.590625, 'EndY': -0.590625, 'EndZ': 33.75}","{'ID': '00100118', 'Type': 'beam', 'PieceMark': 'M118', 'Section': 'L90x9', 'Material': 'A36', 'StartX': 0.627639, 'StartY': -0.627639, 'StartZ': 31.7, 'EndX': 0.590625, 'EndY': -0.590625, 'EndZ': 33.75}"
00100126,beam,M126,L40x5,A36,0.627639,-0.627639,31.7,0.609132,0.609132,32.725,"{'ID': '00100118', 'Type': 'beam', 'PieceMark': 'M118', 'Section': 'L90x9', 'Material': 'A36', 'StartX': 0.627639, 'StartY': -0.627639, 'StartZ': 31.7, 'EndX': 0.590625, 'EndY': -0.590625, 'EndZ': 33.75}","{'ID': '00100119', 'Type': 'beam', 'PieceMark': 'M119', 'Section': 'L90x9', 'Material': 'A36', 'StartX': 0.627639, 'StartY': 0.627639, 'StartZ': 31.7, 'EndX': 0.590625, 'EndY': 0.590625, 'EndZ': 33.75}"
00100127,beam,M127,L40x5,A36,0.627639,0.627639,31.7,-0.609132,0.609132,32.725,"{'ID': '00100119', 'Type': 'beam', 'PieceMark': 'M119', 'Section': 'L90x9', 'Material': 'A36', 'StartX': 0.627639, 'StartY': 0.627639, 'StartZ': 31.7, 'EndX': 0.590625, 'EndY': 0.590625, 'EndZ': 33.75}","{'ID': '00100120', 'Type': 'beam', 'PieceMark': 'M120', 'Section': 'L90x9', 'Material': 'A36', 'StartX': -0.627639, 'StartY': 0.627639, 'StartZ': 31.7, 'EndX': -0.590625, 'EndY': 0.590625, 'EndZ': 33.75}"
00100128,beam,M128,L40x5,A36,-0.627639,0.627639,31.7,-0.609132,-0.609132,32.725,"{'ID': '00100120', 'Type': 'beam', 'PieceMark': 'M120', 'Section': 'L90x9', 'Material': 'A36', 'StartX': -0.627639, 'StartY': 0.627639, 'StartZ': 31.7, 'EndX': -0.590625, 'EndY': 0.590625, 'EndZ': 33.75}","{'ID': '00100117', 'Type': 'beam', 'PieceMark': 'M117', 'Section': 'L90x9', 'Material': 'A36', 'StartX': -0.627639, 'StartY': -0.627639, 'StartZ': 31.7, 'EndX': -0.590625, 'EndY': -0.590625, 'EndZ': 33.75}"
00100129,beam,M129,L40x5,A36,0.609132,-0.609132,32.725,-0.590625,-0.590625,33.75,"{'ID': '00100118', 'Type': 'beam', 'PieceMark': 'M118', 'Section': 'L90x9', 'Material': 'A36', 'StartX': 0.627639, 'StartY': -0.627639, 'StartZ': 31.7, 'EndX': 0.590625, 'EndY': -0.590625, 'EndZ': 33.75}","{'ID': '00100117', 'Type': 'beam', 'PieceMark': 'M117', 'Section': 'L90x9', 'Material': 'A36', 'StartX': -0.627639, 'StartY': -0.627639, 'StartZ': 31.7, 'EndX': -0.590625, 'EndY': -0.590625, 'EndZ': 33.75}"
00100130,beam,M130,L40x5,A36,0.609132,0.609132,32.725,0.590625,-0.590625,33.75,"{'ID': '00100119', 'Type': 'beam', 'PieceMark': 'M119', 'Section': 'L90x9', 'Material': 'A36', 'StartX': 0.627639, 'StartY': 0.627639, 'StartZ': 31.7, 'EndX': 0.590625, 'EndY': 0.590625, 'EndZ': 33.75}","{'ID': '00100118', 'Type': 'beam', 'PieceMark': 'M118', 'Section': 'L90x9', 'Material': 'A36', 'StartX': 0.627639, 'StartY': -0.627639, 'StartZ': 31.7, 'EndX': 0.590625, 'EndY': -0.590625, 'EndZ': 33.75}"
00100131,beam,M131,L40x5,A36,-0.609132,0.609132,32.725,0.590625,0.590625,33.75,"{'ID': '00100120', 'Type': 'beam', 'PieceMark': 'M120', 'Section': 'L90x9', 'Material': 'A36', 'StartX': -0.627639, 'StartY': 0.627639, 'StartZ': 31.7, 'EndX': -0.590625, 'EndY': 0.590625, 'EndZ': 33.75}","{'ID': '00100119', 'Type': 'beam', 'PieceMark': 'M119', 'Section': 'L90x9', 'Material': 'A36', 'StartX': 0.627639, 'StartY': 0.627639, 'StartZ': 31.7, 'EndX': 0.590625, 'EndY': 0.590625, 'EndZ': 33.75}"
00100132,beam,M132,L40x5,A36,-0.609132,-0.609132,32.725,-0.590625,0.590625,33.75,"{'ID': '00100117', 'Type': 'beam', 'PieceMark': 'M117', 'Section': 'L90x9', 'Material': 'A36', 'StartX': -0.627639, 'StartY': -0.627639, 'StartZ': 31.7, 'EndX': -0.590625, 'EndY': -0.590625, 'EndZ': 33.75}","{'ID': '00100102', 'Type': 'beam', 'PieceMark': 'M102', 'Section': 'L90x9', 'Material': 'A36', 'StartX': -0.590625, 'StartY': 0.590625, 'StartZ': 33.75, 'EndX': -0.55, 'EndY': 0.55, 'EndZ': 36.0}"
00100141,beam,M141,L40x4,A36,-0.658333,-0.658333,30.0,0.642986,-0.642986,30.85,"{'ID': '00100133', 'Type': 'beam', 'PieceMark': 'M133', 'Section': 'L90x9', 'Material': 'A36', 'StartX': -0.658333, 'StartY': -0.658333, 'StartZ': 30.0, 'EndX': -0.627639, 'EndY': -0.627639, 'EndZ': 31.7}","{'ID': '00100134', 'Type': 'beam', 'PieceMark': 'M134', 'Section': 'L90x9', 'Material': 'A36', 'StartX': 0.658333, 'StartY': -0.658333, 'StartZ': 30.0, 'EndX': 0.627639, 'EndY': -0.627639, 'EndZ': 31.7}"
00100142,beam,M142,L40x4,A36,0.658333,-0.658333,30.0,0.642986,0.642986,30.85,"{'ID': '00100134', 'Type': 'beam', 'PieceMark': 'M134', 'Section': 'L90x9', 'Material': 'A36', 'StartX': 0.658333, 'StartY': -0.658333, 'StartZ': 30.0, 'EndX': 0.627639, 'EndY': -0.627639, 'EndZ': 31.7}","{'ID': '00100135', 'Type': 'beam', 'PieceMark': 'M135', 'Section': 'L90x9', 'Material': 'A36', 'StartX': 0.658333, 'StartY': 0.658333, 'StartZ': 30.0, 'EndX': 0.627639, 'EndY': 0.627639, 'EndZ': 31.7}"
00100143,beam,M143,L40x4,A36,0.658333,0.658333,30.0,-0.642986,0.642986,30.85,"{'ID': '00100135', 'Type': 'beam', 'PieceMark': 'M135', 'Section': 'L90x9', 'Material': 'A36', 'StartX': 0.658333, 'StartY': 0.658333, 'StartZ': 30.0, 'EndX': 0.627639, 'EndY': 0.627639, 'EndZ': 31.7}","{'ID': '00100136', 'Type': 'beam', 'PieceMark': 'M136', 'Section': 'L90x9', 'Material': 'A36', 'StartX': -0.658333, 'StartY': 0.658333, 'StartZ': 30.0, 'EndX': -0.627639, 'EndY': 0.627639, 'EndZ': 31.7}"
00100144,beam,M144,L40x4,A36,-0.658333,0.658333,30.0,-0.642986,-0.642986,30.85,"{'ID': '00100136', 'Type': 'beam', 'PieceMark': 'M136', 'Section': 'L90x9', 'Material': 'A36', 'StartX': -0.658333, 'StartY': 0.658333, 'StartZ': 30.0, 'EndX': -0.627639, 'EndY': 0.627639, 'EndZ': 31.7}","{'ID': '00100133', 'Type': 'beam', 'PieceMark': 'M133', 'Section': 'L90x9', 'Material': 'A36', 'StartX': -0.658333, 'StartY': -0.658333, 'StartZ': 30.0, 'EndX': -0.627639, 'EndY': -0.627639, 'EndZ': 31.7}"
00100145,beam,M145,L40x4,A36,0.642986,-0.642986,30.85,-0.627639,-0.627639,31.7,"{'ID': '00100134', 'Type': 'beam', 'PieceMark': 'M134', 'Section': 'L90x9', 'Material': 'A36', 'StartX': 0.658333, 'StartY': -0.658333, 'StartZ': 30.0, 'EndX': 0.627639, 'EndY': -0.627639, 'EndZ': 31.7}","{'ID': '00100133', 'Type': 'beam', 'PieceMark': 'M133', 'Section': 'L90x9', 'Material': 'A36', 'StartX': -0.658333, 'StartY': -0.658333, 'StartZ': 30.0, 'EndX': -0.627639, 'EndY': -0.627639, 'EndZ': 31.7}"
00100146,beam,M146,L40x4,A36,0.642986,0.642986,30.85,0.627639,-0.627639,31.7,"{'ID': '00100135', 'Type': 'beam', 'PieceMark': 'M135', 'Section': 'L90x9', 'Material': 'A36', 'StartX': 0.658333, 'StartY': 0.658333, 'StartZ': 30.0, 'EndX': 0.627639, 'EndY': 0.627639, 'EndZ': 31.7}","{'ID': '00100134', 'Type': 'beam', 'PieceMark': 'M134', 'Section': 'L90x9', 'Material': 'A36', 'StartX': 0.658333, 'StartY': -0.658333, 'StartZ': 30.0, 'EndX': 0.627639, 'EndY': -0.627639, 'EndZ': 31.7}"
00100147,beam,M147,L40x4,A36,-0.642986,0.642986,30.85,0.627639,0.627639,31.7,"{'ID': '00100136', 'Type': 'beam', 'PieceMark': 'M136', 'Section': 'L90x9', 'Material': 'A36', 'StartX': -0.658333, 'StartY': 0.658333, 'StartZ': 30.0, 'EndX': -0.627639, 'EndY': 0.627639, 'EndZ': 31.7}","{'ID': '00100135', 'Type': 'beam', 'PieceMark': 'M135', 'Section': 'L90x9', 'Material': 'A36', 'StartX': 0.658333, 'StartY': 0.658333, 'StartZ': 30.0, 'EndX': 0.627639, 'EndY': 0.627639, 'EndZ': 31.7}"
00100148,beam,M148,L40x4,A36,-0.642986,-0.642986,30.85,-0.627639,0.627639,31.7,"{'ID': '00100133', 'Type': 'beam', 'PieceMark': 'M133', 'Section': 'L90x9', 'Material': 'A36', 'StartX': -0.658333, 'StartY': -0.658333, 'StartZ': 30.0, 'EndX': -0.627639, 'EndY': -0.627639, 'EndZ': 31.7}","{'ID': '00100120', 'Type': 'beam', 'PieceMark': 'M120', 'Section': 'L90x9', 'Material': 'A36', 'StartX': -0.627639, 'StartY': 0.627639, 'StartZ': 31.7, 'EndX': -0.590625, 'EndY': 0.590625, 'EndZ': 33.75}"
00100157,beam,M157,L40x5,A36,-0.692639,-0.692639,28.1,0.675486,-0.675486,29.05,"{'ID': '00100149', 'Type': 'beam', 'PieceMark': 'M149', 'Section': 'L100x10', 'Material': 'A36', 'StartX': -0.692639, 'StartY': -0.692639, 'StartZ': 28.1, 'EndX': -0.658333, 'EndY': -0.658333, 'EndZ': 30.0}","{'ID': '00100150', 'Type': 'beam', 'PieceMark': 'M150', 'Section': 'L100x10', 'Material': 'A36', 'StartX': 0.692639, 'StartY': -0.692639, 'StartZ': 28.1, 'EndX': 0.658333, 'EndY': -0.658333, 'EndZ': 30.0}"
00100158,beam,M158,L40x5,A36,0.692639,-0.692639,28.1,0.675486,0.675486,29.05,"{'ID': '00100150', 'Type': 'beam', 'PieceMark': 'M150', 'Section': 'L100x10', 'Material': 'A36', 'StartX': 0.692639, 'StartY': -0.692639, 'StartZ': 28.1, 'EndX': 0.658333, 'EndY': -0.658333, 'EndZ': 30.0}","{'ID': '00100151', 'Type': 'beam', 'PieceMark': 'M151', 'Section': 'L100x10', 'Material': 'A36', 'StartX': 0.692639, 'StartY': 0.692639, 'StartZ': 28.1, 'EndX': 0.658333, 'EndY': 0.658333, 'EndZ': 30.0}"
00100159,beam,M159,L40x5,A36,0.692639,0.692639,28.1,-0.675486,0.675486,29.05,"{'ID': '00100151', 'Type': 'beam', 'PieceMark': 'M151', 'Section': 'L100x10', 'Material': 'A36', 'StartX': 0.692639, 'StartY': 0.692639, 'StartZ': 28.1, 'EndX': 0.658333, 'EndY': 0.658333, 'EndZ': 30.0}","{'ID': '00100152', 'Type': 'beam', 'PieceMark': 'M152', 'Section': 'L100x10', 'Material': 'A36', 'StartX': -0.692639, 'StartY': 0.692639, 'StartZ': 28.1, 'EndX': -0.658333, 'EndY': 0.658333, 'EndZ': 30.0}"
00100160,beam,M160,L40x5,A36,-0.692639,0.692639,28.1,-0.675486,-0.675486,29.05,"{'ID': '00100152', 'Type': 'beam', 'PieceMark': 'M152', 'Section': 'L100x10', 'Material': 'A36', 'StartX': -0.692639, 'StartY': 0.692639, 'StartZ': 28.1, 'EndX': -0.658333, 'EndY': 0.658333, 'EndZ': 30.0}","{'ID': '00100149', 'Type': 'beam', 'PieceMark': 'M149', 'Section': 'L100x10', 'Material': 'A36', 'StartX': -0.692639, 'StartY': -0.692639, 'StartZ': 28.1, 'EndX': -0.658333, 'EndY': -0.658333, 'EndZ': 30.0}"
00100161,beam,M161,L40x5,A36,0.675486,-0.675486,29.05,-0.658333,-0.658333,30.0,"{'ID': '00100150', 'Type': 'beam', 'PieceMark': 'M150', 'Section': 'L100x10', 'Material': 'A36', 'StartX': 0.692639, 'StartY': -0.692639, 'StartZ': 28.1, 'EndX': 0.658333, 'EndY': -0.658333, 'EndZ': 30.0}","{'ID': '00100149', 'Type': 'beam', 'PieceMark': 'M149', 'Section': 'L100x10', 'Material': 'A36', 'StartX': -0.692639, 'StartY': -0.692639, 'StartZ': 28.1, 'EndX': -0.658333, 'EndY': -0.658333, 'EndZ': 30.0}"
00100162,beam,M162,L40x5,A36,0.675486,0.675486,29.05,0.658333,-0.658333,30.0,"{'ID': '00100151', 'Type': 'beam', 'PieceMark': 'M151', 'Section': 'L100x10', 'Material': 'A36', 'StartX': 0.692639, 'StartY': 0.692639, 'StartZ': 28.1, 'EndX': 0.658333, 'EndY': 0.658333, 'EndZ': 30.0}","{'ID': '00100150', 'Type': 'beam', 'PieceMark': 'M150', 'Section': 'L100x10', 'Material': 'A36', 'StartX': 0.692639, 'StartY': -0.692639, 'StartZ': 28.1, 'EndX': 0.658333, 'EndY': -0.658333, 'EndZ': 30.0}"
00100163,beam,M163,L40x5,A36,-0.675486,0.675486,29.05,0.658333,0.658333,30.0,"{'ID': '00100152', 'Type': 'beam', 'PieceMark': 'M152', 'Section': 'L100x10', 'Material': 'A36', 'StartX': -0.692639, 'StartY': 0.692639, 'StartZ': 28.1, 'EndX': -0.658333, 'EndY': 0.658333, 'EndZ': 30.0}","{'ID': '00100151', 'Type': 'beam', 'PieceMark': 'M151', 'Section': 'L100x10', 'Material': 'A36', 'StartX': 0.692639, 'StartY': 0.692639, 'StartZ': 28.1, 'EndX': 0.658333, 'EndY': 0.658333, 'EndZ': 30.0}"
00100164,beam,M164,L40x5,A36,-0.675486,-0.675486,29.05,-0.658333,0.658333,30.0,"{'ID': '00100149', 'Type': 'beam', 'PieceMark': 'M149', 'Section': 'L100x10', 'Material': 'A36', 'StartX': -0.692639, 'StartY': -0.692639, 'StartZ': 28.1, 'EndX': -0.658333, 'EndY': -0.658333, 'EndZ': 30.0}","{'ID': '00100136', 'Type': 'beam', 'PieceMark': 'M136', 'Section': 'L90x9', 'Material': 'A36', 'StartX': -0.658333, 'StartY': 0.658333, 'StartZ': 30.0, 'EndX': -0.627639, 'EndY': 0.627639, 'EndZ': 31.7}"
00100173,beam,M173,L40x5,A36,-0.725139,-0.725139,26.3,0.708889,-0.708889,27.2,"{'ID': '00100165', 'Type': 'beam', 'PieceMark': 'M165', 'Section': 'L100x10', 'Material': 'A36', 'StartX': -0.725139, 'StartY': -0.725139, 'StartZ': 26.3, 'EndX': -0.692639, 'EndY': -0.692639, 'EndZ': 28.1}","{'ID': '00100166', 'Type': 'beam', 'PieceMark': 'M166', 'Section': 'L100x10', 'Material': 'A36', 'StartX': 0.725139, 'StartY': -0.725139, 'StartZ': 26.3, 'EndX': 0.692639, 'EndY': -0.692639, 'EndZ': 28.1}"
00100174,beam,M174,L40x5,A36,0.725139,-0.725139,26.3,0.708889,0.708889,27.2,"{'ID': '00100166', 'Type': 'beam', 'PieceMark': 'M166', 'Section': 'L100x10', 'Material': 'A36', 'StartX': 0.725139, 'StartY': -0.725139, 'StartZ': 26.3, 'EndX': 0.692639, 'EndY': -0.692639, 'EndZ': 28.1}","{'ID': '00100167', 'Type': 'beam', 'PieceMark': 'M167', 'Section': 'L100x10', 'Material': 'A36', 'StartX': 0.725139, 'StartY': 0.725139, 'StartZ': 26.3, 'EndX': 0.692639, 'EndY': 0.692639, 'EndZ': 28.1}"
00100175,beam,M175,L40x5,A36,0.725139,0.725139,26.3,-0.708889,0.708889,27.2,"{'ID': '00100167', 'Type': 'beam', 'PieceMark': 'M167', 'Section': 'L100x10', 'Material': 'A36', 'StartX': 0.725139, 'StartY': 0.725139, 'StartZ': 26.3, 'EndX': 0.692639, 'EndY': 0.692639, 'EndZ': 28.1}","{'ID': '00100168', 'Type': 'beam', 'PieceMark': 'M168', 'Section': 'L100x10', 'Material': 'A36', 'StartX': -0.725139, 'StartY': 0.725139, 'StartZ': 26.3, 'EndX': -0.692639, 'EndY': 0.692639, 'EndZ': 28.1}"
00100176,beam,M176,L40x5,A36,-0.725139,0.725139,26.3,-0.708889,-0.708889,27.2,"{'ID': '00100168', 'Type': 'beam', 'PieceMark': 'M168', 'Section': 'L100x10', 'Material': 'A36', 'StartX': -0.725139, 'StartY': 0.725139, 'StartZ': 26.3, 'EndX': -0.692639, 'EndY': 0.692639, 'EndZ': 28.1}","{'ID': '00100165', 'Type': 'beam', 'PieceMark': 'M165', 'Section': 'L100x10', 'Material': 'A36', 'StartX': -0.725139, 'StartY': -0.725139, 'StartZ': 26.3, 'EndX': -0.692639, 'EndY': -0.692639, 'EndZ': 28.1}"
00100177,beam,M177,L40x5,A36,0.708889,-0.708889,27.2,-0.692639,-0.692639,28.1,"{'ID': '00100166', 'Type': 'beam', 'PieceMark': 'M166', 'Section': 'L100x10', 'Material': 'A36', 'StartX': 0.725139, 'StartY': -0.725139, 'StartZ': 26.3, 'EndX': 0.692639, 'EndY': -0.692639, 'EndZ': 28.1}","{'ID': '00100165', 'Type': 'beam', 'PieceMark': 'M165', 'Section': 'L100x10', 'Material': 'A36', 'StartX': -0.725139, 'StartY': -0.725139, 'StartZ': 26.3, 'EndX': -0.692639, 'EndY': -0.692639, 'EndZ': 28.1}"
00100178,beam,M178,L40x5,A36,0.708889,0.708889,27.2,0.692639,-0.692639,28.1,"{'ID': '00100167', 'Type': 'beam', 'PieceMark': 'M167', 'Section': 'L100x10', 'Material': 'A36', 'StartX': 0.725139, 'StartY': 0.725139, 'StartZ': 26.3, 'EndX': 0.692639, 'EndY': 0.692639, 'EndZ': 28.1}","{'ID': '00100166', 'Type': 'beam', 'PieceMark': 'M166', 'Section': 'L100x10', 'Material': 'A36', 'StartX': 0.725139, 'StartY': -0.725139, 'StartZ': 26.3, 'EndX': 0.692639, 'EndY': -0.692639, 'EndZ': 28.1}"
00100179,beam,M179,L40x5,A36,-0.708889,0.708889,27.2,0.692639,0.692639,28.1,"{'ID': '00100168', 'Type': 'beam', 'PieceMark': 'M168', 'Section': 'L100x10', 'Material': 'A36', 'StartX': -0.725139, 'StartY': 0.725139, 'StartZ': 26.3, 'EndX': -0.692639, 'EndY': 0.692639, 'EndZ': 28.1}","{'ID': '00100167', 'Type': 'beam', 'PieceMark': 'M167', 'Section': 'L100x10', 'Material': 'A36', 'StartX': 0.725139, 'StartY': 0.725139, 'StartZ': 26.3, 'EndX': 0.692639, 'EndY': 0.692639, 'EndZ': 28.1}"
00100180,beam,M180,L40x5,A36,-0.708889,-0.708889,27.2,-0.692639,0.692639,28.1,"{'ID': '00100165', 'Type': 'beam', 'PieceMark': 'M165', 'Section': 'L100x10', 'Material': 'A36', 'StartX': -0.725139, 'StartY': -0.725139, 'StartZ': 26.3, 'EndX': -0.692639, 'EndY': -0.692639, 'EndZ': 28.1}","{'ID': '00100152', 'Type': 'beam', 'PieceMark': 'M152', 'Section': 'L100x10', 'Material': 'A36', 'StartX': -0.692639, 'StartY': 0.692639, 'StartZ': 28.1, 'EndX': -0.658333, 'EndY': 0.658333, 'EndZ': 30.0}"
00100189,beam,M189,L40x5,A36,0.766667,-0.766667,24.0,-0.752824,-0.752824,24.7667,"{'ID': '00100182', 'Type': 'beam', 'PieceMark': 'M182', 'Section': 'L100x10', 'Material': 'A36', 'StartX': 0.766667, 'StartY': -0.766667, 'StartZ': 24.0, 'EndX': 0.725139, 'EndY': -0.725139, 'EndZ': 26.3}","{'ID': '00100181', 'Type': 'beam', 'PieceMark': 'M181', 'Section': 'L100x10', 'Material': 'A36', 'StartX': -0.766667, 'StartY': -0.766667, 'StartZ': 24.0, 'EndX': -0.725139, 'EndY': -0.725139, 'EndZ': 26.3}"
00100190,beam,M190,L40x5,A36,0.766667,0.766667,24.0,0.752824,-0.752824,24.7667,"{'ID': '00100183', 'Type': 'beam', 'PieceMark': 'M183', 'Section': 'L100x10', 'Material': 'A36', 'StartX': 0.766667, 'StartY': 0.766667, 'StartZ': 24.0, 'EndX': 0.725139, 'EndY': 0.725139, 'EndZ': 26.3}","{'ID': '00100182', 'Type': 'beam', 'PieceMark': 'M182', 'Section': 'L100x10', 'Material': 'A36', 'StartX': 0.766667, 'StartY': -0.766667, 'StartZ': 24.0, 'EndX': 0.725139, 'EndY': -0.725139, 'EndZ': 26.3}"
00100191,beam,M191,L40x5,A36,-0.766667,0.766667,24.0,0.752824,0.752824,24.7667,"{'ID': '00100184', 'Type': 'beam', 'PieceMark': 'M184', 'Section': 'L100x10', 'Material': 'A36', 'StartX': -0.766667, 'StartY': 0.766667, 'StartZ': 24.0, 'EndX': -0.725139, 'EndY': 0.725139, 'EndZ': 26.3}","{'ID': '00100183', 'Type': 'beam', 'PieceMark': 'M183', 'Section': 'L100x10', 'Material': 'A36', 'StartX': 0.766667, 'StartY': 0.766667, 'StartZ': 24.0, 'EndX': 0.725139, 'EndY': 0.725139, 'EndZ': 26.3}"
00100192,beam,M192,L40x5,A36,-0.766667,-0.766667,24.0,-0.752824,0.752824,24.7667,"{'ID': '00100181', 'Type': 'beam', 'PieceMark': 'M181', 'Section': 'L100x10', 'Material': 'A36', 'StartX': -0.766667, 'StartY': -0.766667, 'StartZ': 24.0, 'EndX': -0.725139, 'EndY': -0.725139, 'EndZ': 26.3}","{'ID': '00100184', 'Type': 'beam', 'PieceMark': 'M184', 'Section': 'L100x10', 'Material': 'A36', 'StartX': -0.766667, 'StartY': 0.766667, 'StartZ': 24.0, 'EndX': -0.725139, 'EndY': 0.725139, 'EndZ': 26.3}"
00100193,beam,M193,L40x5,A36,-0.752824,-0.752824,24.7667,0.738981,-0.738981,25.5333,"{'ID': '00100181', 'Type': 'beam', 'PieceMark': 'M181', 'Section': 'L100x10', 'Material': 'A36', 'StartX': -0.766667, 'StartY': -0.766667, 'StartZ': 24.0, 'EndX': -0.725139, 'EndY': -0.725139, 'EndZ': 26.3}","{'ID': '00100182', 'Type': 'beam', 'PieceMark': 'M182', 'Section': 'L100x10', 'Material': 'A36', 'StartX': 0.766667, 'StartY': -0.766667, 'StartZ': 24.0, 'EndX': 0.725139, 'EndY': -0.725139, 'EndZ': 26.3}"
00100194,beam,M194,L40x5,A36,0.752824,-0.752824,24.7667,0.738981,0.738981,25.5333,"{'ID': '00100182', 'Type': 'beam', 'PieceMark': 'M182', 'Section': 'L100x10', 'Material': 'A36', 'StartX': 0.766667, 'StartY': -0.766667, 'StartZ': 24.0, 'EndX': 0.725139, 'EndY': -0.725139, 'EndZ': 26.3}","{'ID': '00100183', 'Type': 'beam', 'PieceMark': 'M183', 'Section': 'L100x10', 'Material': 'A36', 'StartX': 0.766667, 'StartY': 0.766667, 'StartZ': 24.0, 'EndX': 0.725139, 'EndY': 0.725139, 'EndZ': 26.3}"
00100195,beam,M195,L40x5,A36,0.752824,0.752824,24.7667,-0.738981,0.738981,25.5333,"{'ID': '00100183', 'Type': 'beam', 'PieceMark': 'M183', 'Section': 'L100x10', 'Material': 'A36', 'StartX': 0.766667, 'StartY': 0.766667, 'StartZ': 24.0, 'EndX': 0.725139, 'EndY': 0.725139, 'EndZ': 26.3}","{'ID': '00100184', 'Type': 'beam', 'PieceMark': 'M184', 'Section': 'L100x10', 'Material': 'A36', 'StartX': -0.766667, 'StartY': 0.766667, 'StartZ': 24.0, 'EndX': -0.725139, 'EndY': 0.725139, 'EndZ': 26.3}"
00100196,beam,M196,L40x5,A36,-0.752824,0.752824,24.7667,-0.738981,-0.738981,25.5333,"{'ID': '00100184', 'Type': 'beam', 'PieceMark': 'M184', 'Section': 'L100x10', 'Material': 'A36', 'StartX': -0.766667, 'StartY': 0.766667, 'StartZ': 24.0, 'EndX': -0.725139, 'EndY': 0.725139, 'EndZ': 26.3}","{'ID': '00100181', 'Type': 'beam', 'PieceMark': 'M181', 'Section': 'L100x10', 'Material': 'A36', 'StartX': -0.766667, 'StartY': -0.766667, 'StartZ': 24.0, 'EndX': -0.725139, 'EndY': -0.725139, 'EndZ': 26.3}"
00100197,beam,M197,L40x5,A36,0.738981,-0.738981,25.5333,-0.725139,-0.725139,26.3,"{'ID': '00100182', 'Type': 'beam', 'PieceMark': 'M182', 'Section': 'L100x10', 'Material': 'A36', 'StartX': 0.766667, 'StartY': -0.766667, 'StartZ': 24.0, 'EndX': 0.725139, 'EndY': -0.725139, 'EndZ': 26.3}","{'ID': '00100181', 'Type': 'beam', 'PieceMark': 'M181', 'Section': 'L100x10', 'Material': 'A36', 'StartX': -0.766667, 'StartY': -0.766667, 'StartZ': 24.0, 'EndX': -0.725139, 'EndY': -0.725139, 'EndZ': 26.3}"
00100198,beam,M198,L40x5,A36,0.738981,0.738981,25.5333,0.725139,-0.725139,26.3,"{'ID': '00100183', 'Type': 'beam', 'PieceMark': 'M183', 'Section': 'L100x10', 'Material': 'A36', 'StartX': 0.766667, 'StartY': 0.766667, 'StartZ': 24.0, 'EndX': 0.725139, 'EndY': 0.725139, 'EndZ': 26.3}","{'ID': '00100182', 'Type': 'beam', 'PieceMark': 'M182', 'Section': 'L100x10', 'Material': 'A36', 'StartX': 0.766667, 'StartY': -0.766667, 'StartZ': 24.0, 'EndX': 0.725139, 'EndY': -0.725139, 'EndZ': 26.3}"
00100199,beam,M199,L40x5,A36,-0.738981,0.738981,25.5333,0.725139,0.725139,26.3,"{'ID': '00100184', 'Type': 'beam', 'PieceMark': 'M184', 'Section': 'L100x10', 'Material': 'A36', 'StartX': -0.766667, 'StartY': 0.766667, 'StartZ': 24.0, 'EndX': -0.725139, 'EndY': 0.725139, 'EndZ': 26.3}","{'ID': '00100183', 'Type': 'beam', 'PieceMark': 'M183', 'Section': 'L100x10', 'Material': 'A36', 'StartX': 0.766667, 'StartY': 0.766667, 'StartZ': 24.0, 'EndX': 0.725139, 'EndY': 0.725139, 'EndZ': 26.3}"
00100200,beam,M200,L40x5,A36,-0.738981,-0.738981,25.5333,-0.725139,0.725139,26.3,"{'ID': '00100181', 'Type': 'beam', 'PieceMark': 'M181', 'Section': 'L100x10', 'Material': 'A36', 'StartX': -0.766667, 'StartY': -0.766667, 'StartZ': 24.0, 'EndX': -0.725139, 'EndY': -0.725139, 'EndZ': 26.3}","{'ID': '00100168', 'Type': 'beam', 'PieceMark': 'M168', 'Section': 'L100x10', 'Material': 'A36', 'StartX': -0.725139, 'StartY': 0.725139, 'StartZ': 26.3, 'EndX': -0.692639, 'EndY': 0.692639, 'EndZ': 28.1}"
00100209,beam,M209,L45x5,A36,0.806389,-0.806389,21.8,-0.786528,-0.786528,22.9,"{'ID': '00100202', 'Type': 'beam', 'PieceMark': 'M202', 'Section': 'L110x10', 'Material': 'A36', 'StartX': 0.806389, 'StartY': -0.806389, 'StartZ': 21.8, 'EndX': 0.766667, 'EndY': -0.766667, 'EndZ': 24.0}","{'ID': '00100201', 'Type': 'beam', 'PieceMark': 'M201', 'Section': 'L110x10', 'Material': 'A36', 'StartX': -0.806389, 'StartY': -0.806389, 'StartZ': 21.8, 'EndX': -0.766667, 'EndY': -0.766667, 'EndZ': 24.0}"
00100210,beam,M210,L45x5,A36,0.806389,0.806389,21.8,0.786528,-0.786528,22.9,"{'ID': '00100203', 'Type': 'beam', 'PieceMark': 'M203', 'Section': 'L110x10', 'Material': 'A36', 'StartX': 0.806389, 'StartY': 0.806389, 'StartZ': 21.8, 'EndX': 0.766667, 'EndY': 0.766667, 'EndZ': 24.0}","{'ID': '00100202', 'Type': 'beam', 'PieceMark': 'M202', 'Section': 'L110x10', 'Material': 'A36', 'StartX': 0.806389, 'StartY': -0.806389, 'StartZ': 21.8, 'EndX': 0.766667, 'EndY': -0.766667, 'EndZ': 24.0}"
00100211,beam,M211,L45x5,A36,-0.806389,0.806389,21.8,0.786528,0.786528,22.9,"{'ID': '00100204', 'Type': 'beam', 'PieceMark': 'M204', 'Section': 'L110x10', 'Material': 'A36', 'StartX': -0.806389, 'StartY': 0.806389, 'StartZ': 21.8, 'EndX': -0.766667, 'EndY': 0.766667, 'EndZ': 24.0}","{'ID': '00100203', 'Type': 'beam', 'PieceMark': 'M203', 'Section': 'L110x10', 'Material': 'A36', 'StartX': 0.806389, 'StartY': 0.806389, 'StartZ': 21.8, 'EndX': 0.766667, 'EndY': 0.766667, 'EndZ': 24.0}"
00100212,beam,M212,L45x5,A36,-0.806389,-0.806389,21.8,-0.786528,0.786528,22.9,"{'ID': '00100201', 'Type': 'beam', 'PieceMark': 'M201', 'Section': 'L110x10', 'Material': 'A36', 'StartX': -0.806389, 'StartY': -0.806389, 'StartZ': 21.8, 'EndX': -0.766667, 'EndY': -0.766667, 'EndZ': 24.0}","{'ID': '00100204', 'Type': 'beam', 'PieceMark': 'M204', 'Section': 'L110x10', 'Material': 'A36', 'StartX': -0.806389, 'StartY': 0.806389, 'StartZ': 21.8, 'EndX': -0.766667, 'EndY': 0.766667, 'EndZ': 24.0}"
00100213,beam,M213,L45x5,A36,-0.786528,-0.786528,22.9,0.766667,-0.766667,24.0,"{'ID': '00100201', 'Type': 'beam', 'PieceMark': 'M201', 'Section': 'L110x10', 'Material': 'A36', 'StartX': -0.806389, 'StartY': -0.806389, 'StartZ': 21.8, 'EndX': -0.766667, 'EndY': -0.766667, 'EndZ': 24.0}","{'ID': '00100182', 'Type': 'beam', 'PieceMark': 'M182', 'Section': 'L100x10', 'Material': 'A36', 'StartX': 0.766667, 'StartY': -0.766667, 'StartZ': 24.0, 'EndX': 0.725139, 'EndY': -0.725139, 'EndZ': 26.3}"
00100214,beam,M214,L45x5,A36,0.786528,-0.786528,22.9,0.766667,0.766667,24.0,"{'ID': '00100202', 'Type': 'beam', 'PieceMark': 'M202', 'Section': 'L110x10', 'Material': 'A36', 'StartX': 0.806389, 'StartY': -0.806389, 'StartZ': 21.8, 'EndX': 0.766667, 'EndY': -0.766667, 'EndZ': 24.0}","{'ID': '00100183', 'Type': 'beam', 'PieceMark': 'M183', 'Section': 'L100x10', 'Material': 'A36', 'StartX': 0.766667, 'StartY': 0.766667, 'StartZ': 24.0, 'EndX': 0.725139, 'EndY': 0.725139, 'EndZ': 26.3}"
00100215,beam,M215,L45x5,A36,0.786528,0.786528,22.9,-0.766667,0.766667,24.0,"{'ID': '00100203', 'Type': 'beam', 'PieceMark': 'M203', 'Section': 'L110x10', 'Material': 'A36', 'StartX': 0.806389, 'StartY': 0.806389, 'StartZ': 21.8, 'EndX': 0.766667, 'EndY': 0.766667, 'EndZ': 24.0}","{'ID': '00100184', 'Type': 'beam', 'PieceMark': 'M184', 'Section': 'L100x10', 'Material': 'A36', 'StartX': -0.766667, 'StartY': 0.766667, 'StartZ': 24.0, 'EndX': -0.725139, 'EndY': 0.725139, 'EndZ': 26.3}"
00100216,beam,M216,L45x5,A36,-0.786528,0.786528,22.9,-0.766667,-0.766667,24.0,"{'ID': '00100204', 'Type': 'beam', 'PieceMark': 'M204', 'Section': 'L110x10', 'Material': 'A36', 'StartX': -0.806389, 'StartY': 0.806389, 'StartZ': 21.8, 'EndX': -0.766667, 'EndY': 0.766667, 'EndZ': 24.0}","{'ID': '00100201', 'Type': 'beam', 'PieceMark': 'M201', 'Section': 'L110x10', 'Material': 'A36', 'StartX': -0.806389, 'StartY': -0.806389, 'StartZ': 21.8, 'EndX': -0.766667, 'EndY': -0.766667, 'EndZ': 24.0}"
00100227,beam,M227,L45x5,A36,0.840694,-0.840694,19.9,-0.823542,-0.823542,20.85,"{'ID': '00100218', 'Type': 'beam', 'PieceMark': 'M218', 'Section': 'L110x10', 'Material': 'A36', 'StartX': 0.840694, 'StartY': -0.840694, 'StartZ': 19.9, 'EndX': 0.806389, 'EndY': -0.806389, 'EndZ': 21.8}","{'ID': '00100217', 'Type': 'beam', 'PieceMark': 'M217', 'Section': 'L110x10', 'Material': 'A36', 'StartX': -0.840694, 'StartY': -0.840694, 'StartZ': 19.9, 'EndX': -0.806389, 'EndY': -0.806389, 'EndZ': 21.8}"
00100228,beam,M228,L45x5,A36,0.840694,0.840694,19.9,0.823542,-0.823542,20.85,"{'ID': '00100219', 'Type': 'beam', 'PieceMark': 'M219', 'Section': 'L110x10', 'Material': 'A36', 'StartX': 0.840694, 'StartY': 0.840694, 'StartZ': 19.9, 'EndX': 0.806389, 'EndY': 0.806389, 'EndZ': 21.8}","{'ID': '00100218', 'Type': 'beam', 'PieceMark': 'M218', 'Section': 'L110x10', 'Material': 'A36', 'StartX': 0.840694, 'StartY': -0.840694, 'StartZ': 19.9, 'EndX': 0.806389, 'EndY': -0.806389, 'EndZ': 21.8}"
00100229,beam,M229,L45x5,A36,-0.840694,0.840694,19.9,0.823542,0.823542,20.85,"{'ID': '00100220', 'Type': 'beam', 'PieceMark': 'M220', 'Section': 'L110x10', 'Material': 'A36', 'StartX': -0.840694, 'StartY': 0.840694, 'StartZ': 19.9, 'EndX': -0.806389, 'EndY': 0.806389, 'EndZ': 21.8}","{'ID': '00100219', 'Type': 'beam', 'PieceMark': 'M219', 'Section': 'L110x10', 'Material': 'A36', 'StartX': 0.840694, 'StartY': 0.840694, 'StartZ': 19.9, 'EndX': 0.806389, 'EndY': 0.806389, 'EndZ': 21.8}"
00100230,beam,M230,L45x5,A36,-0.840694,-0.840694,19.9,-0.823542,0.823542,20.85,"{'ID': '00100217', 'Type': 'beam', 'PieceMark': 'M217', 'Section': 'L110x10', 'Material': 'A36', 'StartX': -0.840694, 'StartY': -0.840694, 'StartZ': 19.9, 'EndX': -0.806389, 'EndY': -0.806389, 'EndZ': 21.8}","{'ID': '00100220', 'Type': 'beam', 'PieceMark': 'M220', 'Section': 'L110x10', 'Material': 'A36', 'StartX': -0.840694, 'StartY': 0.840694, 'StartZ': 19.9, 'EndX': -0.806389, 'EndY': 0.806389, 'EndZ': 21.8}"
00100231,beam,M231,L45x5,A36,-0.823542,-0.823542,20.85,0.806389,-0.806389,21.8,"{'ID': '00100217', 'Type': 'beam', 'PieceMark': 'M217', 'Section': 'L110x10', 'Material': 'A36', 'StartX': -0.840694, 'StartY': -0.840694, 'StartZ': 19.9, 'EndX': -0.806389, 'EndY': -0.806389, 'EndZ': 21.8}","{'ID': '00100202', 'Type': 'beam', 'PieceMark': 'M202', 'Section': 'L110x10', 'Material': 'A36', 'StartX': 0.806389, 'StartY': -0.806389, 'StartZ': 21.8, 'EndX': 0.766667, 'EndY': -0.766667, 'EndZ': 24.0}"
00100232,beam,M232,L45x5,A36,0.823542,-0.823542,20.85,0.806389,0.806389,21.8,"{'ID': '00100218', 'Type': 'beam', 'PieceMark': 'M218', 'Section': 'L110x10', 'Material': 'A36', 'StartX': 0.840694, 'StartY': -0.840694, 'StartZ': 19.9, 'EndX': 0.806389, 'EndY': -0.806389, 'EndZ': 21.8}","{'ID': '00100203', 'Type': 'beam', 'PieceMark': 'M203', 'Section': 'L110x10', 'Material': 'A36', 'StartX': 0.806389, 'StartY': 0.806389, 'StartZ': 21.8, 'EndX': 0.766667, 'EndY': 0.766667, 'EndZ': 24.0}"
00100233,beam,M233,L45x5,A36,0.823542,0.823542,20.85,-0.806389,0.806389,21.8,"{'ID': '00100219', 'Type': 'beam', 'PieceMark': 'M219', 'Section': 'L110x10', 'Material': 'A36', 'StartX': 0.840694, 'StartY': 0.840694, 'StartZ': 19.9, 'EndX': 0.806389, 'EndY': 0.806389, 'EndZ': 21.8}","{'ID': '00100204', 'Type': 'beam', 'PieceMark': 'M204', 'Section': 'L110x10', 'Material': 'A36', 'StartX': -0.806389, 'StartY': 0.806389, 'StartZ': 21.8, 'EndX': -0.766667, 'EndY': 0.766667, 'EndZ': 24.0}"
00100234,beam,M234,L45x5,A36,-0.823542,0.823542,20.85,-0.806389,-0.806389,21.8,"{'ID': '00100220', 'Type': 'beam', 'PieceMark': 'M220', 'Section': 'L110x10', 'Material': 'A36', 'StartX': -0.840694, 'StartY': 0.840694, 'StartZ': 19.9, 'EndX': -0.806389, 'EndY': 0.806389, 'EndZ': 21.8}","{'ID': '00100217', 'Type': 'beam', 'PieceMark': 'M217', 'Section': 'L110x10', 'Material': 'A36', 'StartX': -0.840694, 'StartY': -0.840694, 'StartZ': 19.9, 'EndX': -0.806389, 'EndY': -0.806389, 'EndZ': 21.8}"
00100243,beam,M243,L45x5,A36,-0.875,-0.875,18.0,0.863565,-0.863565,18.6333,"{'ID': '00100235', 'Type': 'beam', 'PieceMark': 'M235', 'Section': 'L110x10', 'Material': 'A36', 'StartX': -0.875, 'StartY': -0.875, 'StartZ': 18.0, 'EndX': -0.840694, 'EndY': -0.840694, 'EndZ': 19.9}","{'ID': '00100236', 'Type': 'beam', 'PieceMark': 'M236', 'Section': 'L110x10', 'Material': 'A36', 'StartX': 0.875, 'StartY': -0.875, 'StartZ': 18.0, 'EndX': 0.840694, 'EndY': -0.840694, 'EndZ': 19.9}"
00100244,beam,M244,L45x5,A36,0.875,-0.875,18.0,0.863565,0.863565,18.6333,"{'ID': '00100236', 'Type': 'beam', 'PieceMark': 'M236', 'Section': 'L110x10', 'Material': 'A36', 'StartX': 0.875, 'StartY': -0.875, 'StartZ': 18.0, 'EndX': 0.840694, 'EndY': -0.840694, 'EndZ': 19.9}","{'ID': '00100237', 'Type': 'beam', 'PieceMark': 'M237', 'Section': 'L110x10', 'Material': 'A36', 'StartX': 0.875, 'StartY': 0.875, 'StartZ': 18.0, 'EndX': 0.840694, 'EndY': 0.840694, 'EndZ': 19.9}"
00100245,beam,M245,L45x5,A36,0.875,0.875,18.0,-0.863565,0.863565,18.6333,"{'ID': '00100237', 'Type': 'beam', 'PieceMark': 'M237', 'Section': 'L110x10', 'Material': 'A36', 'StartX': 0.875, 'StartY': 0.875, 'StartZ': 18.0, 'EndX': 0.840694, 'EndY': 0.840694, 'EndZ': 19.9}","{'ID': '00100238', 'Type': 'beam', 'PieceMark': 'M238', 'Section': 'L110x10', 'Material': 'A36', 'StartX': -0.875, 'StartY': 0.875, 'StartZ': 18.0, 'EndX': -0.840694, 'EndY': 0.840694, 'EndZ': 19.9}"
00100246,beam,M246,L45x5,A36,-0.875,0.875,18.0,-0.863565,-0.863565,18.6333,"{'ID': '00100238', 'Type': 'beam', 'PieceMark': 'M238', 'Section': 'L110x10', 'Material': 'A36', 'StartX': -0.875, 'StartY': 0.875, 'StartZ': 18.0, 'EndX': -0.840694, 'EndY': 0.840694, 'EndZ': 19.9}","{'ID': '00100235', 'Type': 'beam', 'PieceMark': 'M235', 'Section': 'L110x10', 'Material': 'A36', 'StartX': -0.875, 'StartY': -0.875, 'StartZ': 18.0, 'EndX': -0.840694, 'EndY': -0.840694, 'EndZ': 19.9}"
00100247,beam,M247,L45x5,A36,0.863565,-0.863565,18.6333,-0.85213,-0.85213,19.2667,"{'ID': '00100236', 'Type': 'beam', 'PieceMark': 'M236', 'Section': 'L110x10', 'Material': 'A36', 'StartX': 0.875, 'StartY': -0.875, 'StartZ': 18.0, 'EndX': 0.840694, 'EndY': -0.840694, 'EndZ': 19.9}","{'ID': '00100235', 'Type': 'beam', 'PieceMark': 'M235', 'Section': 'L110x10', 'Material': 'A36', 'StartX': -0.875, 'StartY': -0.875, 'StartZ': 18.0, 'EndX': -0.840694, 'EndY': -0.840694, 'EndZ': 19.9}"
00100248,beam,M248,L45x5,A36,0.863565,0.863565,18.6333,0.85213,-0.85213,19.2667,"{'ID': '00100237', 'Type': 'beam', 'PieceMark': 'M237', 'Section': 'L110x10', 'Material': 'A36', 'StartX': 0.875, 'StartY': 0.875, 'StartZ': 18.0, 'EndX': 0.840694, 'EndY': 0.840694, 'EndZ': 19.9}","{'ID': '00100236', 'Type': 'beam', 'PieceMark': 'M236', 'Section': 'L110x10', 'Material': 'A36', 'StartX': 0.875, 'StartY': -0.875, 'StartZ': 18.0, 'EndX': 0.840694, 'EndY': -0.840694, 'EndZ': 19.9}"
00100249,beam,M249,L45x5,A36,-0.863565,0.863565,18.6333,0.85213,0.85213,19.2667,"{'ID': '00100238', 'Type': 'beam', 'PieceMark': 'M238', 'Section': 'L110x10', 'Material': 'A36', 'StartX': -0.875, 'StartY': 0.875, 'StartZ': 18.0, 'EndX': -0.840694, 'EndY': 0.840694, 'EndZ': 19.9}","{'ID': '00100237', 'Type': 'beam', 'PieceMark': 'M237', 'Section': 'L110x10', 'Material': 'A36', 'StartX': 0.875, 'StartY': 0.875, 'StartZ': 18.0, 'EndX': 0.840694, 'EndY': 0.840694, 'EndZ': 19.9}"
00100250,beam,M250,L45x5,A36,-0.863565,-0.863565,18.6333,-0.85213,0.85213,19.2667,"{'ID': '00100235', 'Type': 'beam', 'PieceMark': 'M235', 'Section': 'L110x10', 'Material': 'A36', 'StartX': -0.875, 'StartY': -0.875, 'StartZ': 18.0, 'EndX': -0.840694, 'EndY': -0.840694, 'EndZ': 19.9}","{'ID': '00100238', 'Type': 'beam', 'PieceMark': 'M238', 'Section': 'L110x10', 'Material': 'A36', 'StartX': -0.875, 'StartY': 0.875, 'StartZ': 18.0, 'EndX': -0.840694, 'EndY': 0.840694, 'EndZ': 19.9}"
00100251,beam,M251,L45x5,A36,-0.85213,-0.85213,19.2667,0.840694,-0.840694,19.9,"{'ID': '00100235', 'Type': 'beam', 'PieceMark': 'M235', 'Section': 'L110x10', 'Material': 'A36', 'StartX': -0.875, 'StartY': -0.875, 'StartZ': 18.0, 'EndX': -0.840694, 'EndY': -0.840694, 'EndZ': 19.9}","{'ID': '00100218', 'Type': 'beam', 'PieceMark': 'M218', 'Section': 'L110x10', 'Material': 'A36', 'StartX': 0.840694, 'StartY': -0.840694, 'StartZ': 19.9, 'EndX': 0.806389, 'EndY': -0.806389, 'EndZ': 21.8}"
00100252,beam,M252,L45x5,A36,0.85213,-0.85213,19.2667,0.840694,0.840694,19.9,"{'ID': '00100236', 'Type': 'beam', 'PieceMark': 'M236', 'Section': 'L110x10', 'Material': 'A36', 'StartX': 0.875, 'StartY': -0.875, 'StartZ': 18.0, 'EndX': 0.840694, 'EndY': -0.840694, 'EndZ': 19.9}","{'ID': '00100219', 'Type': 'beam', 'PieceMark': 'M219', 'Section': 'L110x10', 'Material': 'A36', 'StartX': 0.840694, 'StartY': 0.840694, 'StartZ': 19.9, 'EndX': 0.806389, 'EndY': 0.806389, 'EndZ': 21.8}"
00100253,beam,M253,L45x5,A36,0.85213,0.85213,19.2667,-0.840694,0.840694,19.9,"{'ID': '00100237', 'Type': 'beam', 'PieceMark': 'M237', 'Section': 'L110x10', 'Material': 'A36', 'StartX': 0.875, 'StartY': 0.875, 'StartZ': 18.0, 'EndX': 0.840694, 'EndY': 0.840694, 'EndZ': 19.9}","{'ID': '00100220', 'Type': 'beam', 'PieceMark': 'M220', 'Section': 'L110x10', 'Material': 'A36', 'StartX': -0.840694, 'StartY': 0.840694, 'StartZ': 19.9, 'EndX': -0.806389, 'EndY': 0.806389, 'EndZ': 21.8}"
00100254,beam,M254,L45x5,A36,-0.85213,0.85213,19.2667,-0.840694,-0.840694,19.9,"{'ID': '00100238', 'Type': 'beam', 'PieceMark': 'M238', 'Section': 'L110x10', 'Material': 'A36', 'StartX': -0.875, 'StartY': 0.875, 'StartZ': 18.0, 'EndX': -0.840694, 'EndY': 0.840694, 'EndZ': 19.9}","{'ID': '00100235', 'Type': 'beam', 'PieceMark': 'M235', 'Section': 'L110x10', 'Material': 'A36', 'StartX': -0.875, 'StartY': -0.875, 'StartZ': 18.0, 'EndX': -0.840694, 'EndY': -0.840694, 'EndZ': 19.9}"
00100263,beam,M263,L60x4,A36,-0.914722,-0.914722,15.8,0.894861,-0.894861,16.9,"{'ID': '00100255', 'Type': 'beam', 'PieceMark': 'M255', 'Section': 'L130x10', 'Material': 'A36', 'StartX': -0.914722, 'StartY': -0.914722, 'StartZ': 15.8, 'EndX': -0.875, 'EndY': -0.875, 'EndZ': 18.0}","{'ID': '00100256', 'Type': 'beam', 'PieceMark': 'M256', 'Section': 'L130x10', 'Material': 'A36', 'StartX': 0.914722, 'StartY': -0.914722, 'StartZ': 15.8, 'EndX': 0.875, 'EndY': -0.875, 'EndZ': 18.0}"
00100264,beam,M264,L60x4,A36,0.914722,-0.914722,15.8,0.894861,0.894861,16.9,"{'ID': '00100256', 'Type': 'beam', 'PieceMark': 'M256', 'Section': 'L130x10', 'Material': 'A36', 'StartX': 0.914722, 'StartY': -0.914722, 'StartZ': 15.8, 'EndX': 0.875, 'EndY': -0.875, 'EndZ': 18.0}","{'ID': '00100257', 'Type': 'beam', 'PieceMark': 'M257', 'Section': 'L130x10', 'Material': 'A36', 'StartX': 0.914722, 'StartY': 0.914722, 'StartZ': 15.8, 'EndX': 0.875, 'EndY': 0.875, 'EndZ': 18.0}"
00100265,beam,M265,L60x4,A36,0.914722,0.914722,15.8,-0.894861,0.894861,16.9,"{'ID': '00100257', 'Type': 'beam', 'PieceMark': 'M257', 'Section': 'L130x10', 'Material': 'A36', 'StartX': 0.914722, 'StartY': 0.914722, 'StartZ': 15.8, 'EndX': 0.875, 'EndY': 0.875, 'EndZ': 18.0}","{'ID': '00100258', 'Type': 'beam', 'PieceMark': 'M258', 'Section': 'L130x10', 'Material': 'A36', 'StartX': -0.914722, 'StartY': 0.914722, 'StartZ': 15.8, 'EndX': -0.875, 'EndY': 0.875, 'EndZ': 18.0}"
00100266,beam,M266,L60x4,A36,-0.914722,0.914722,15.8,-0.894861,-0.894861,16.9,"{'ID': '00100258', 'Type': 'beam', 'PieceMark': 'M258', 'Section': 'L130x10', 'Material': 'A36', 'StartX': -0.914722, 'StartY': 0.914722, 'StartZ': 15.8, 'EndX': -0.875, 'EndY': 0.875, 'EndZ': 18.0}","{'ID': '00100255', 'Type': 'beam', 'PieceMark': 'M255', 'Section': 'L130x10', 'Material': 'A36', 'StartX': -0.914722, 'StartY': -0.914722, 'StartZ': 15.8, 'EndX': -0.875, 'EndY': -0.875, 'EndZ': 18.0}"
00100267,beam,M267,L60x4,A36,0.894861,-0.894861,16.9,-0.875,-0.875,18.0,"{'ID': '00100256', 'Type': 'beam', 'PieceMark': 'M256', 'Section': 'L130x10', 'Material': 'A36', 'StartX': 0.914722, 'StartY': -0.914722, 'StartZ': 15.8, 'EndX': 0.875, 'EndY': -0.875, 'EndZ': 18.0}","{'ID': '00100255', 'Type': 'beam', 'PieceMark': 'M255', 'Section': 'L130x10', 'Material': 'A36', 'StartX': -0.914722, 'StartY': -0.914722, 'StartZ': 15.8, 'EndX': -0.875, 'EndY': -0.875, 'EndZ': 18.0}"
00100268,beam,M268,L60x4,A36,0.894861,0.894861,16.9,0.875,-0.875,18.0,"{'ID': '00100257', 'Type': 'beam', 'PieceMark': 'M257', 'Section': 'L130x10', 'Material': 'A36', 'StartX': 0.914722, 'StartY': 0.914722, 'StartZ': 15.8, 'EndX': 0.875, 'EndY': 0.875, 'EndZ': 18.0}","{'ID': '00100256', 'Type': 'beam', 'PieceMark': 'M256', 'Section': 'L130x10', 'Material': 'A36', 'StartX': 0.914722, 'StartY': -0.914722, 'StartZ': 15.8, 'EndX': 0.875, 'EndY': -0.875, 'EndZ': 18.0}"
00100269,beam,M269,L60x4,A36,-0.894861,0.894861,16.9,0.875,0.875,18.0,"{'ID': '00100258', 'Type': 'beam', 'PieceMark': 'M258', 'Section': 'L130x10', 'Material': 'A36', 'StartX': -0.914722, 'StartY': 0.914722, 'StartZ': 15.8, 'EndX': -0.875, 'EndY': 0.875, 'EndZ': 18.0}","{'ID': '00100257', 'Type': 'beam', 'PieceMark': 'M257', 'Section': 'L130x10', 'Material': 'A36', 'StartX': 0.914722, 'StartY': 0.914722, 'StartZ': 15.8, 'EndX': 0.875, 'EndY': 0.875, 'EndZ': 18.0}"
00100270,beam,M270,L60x4,A36,-0.894861,-0.894861,16.9,-0.875,0.875,18.0,"{'ID': '00100255', 'Type': 'beam', 'PieceMark': 'M255', 'Section': 'L130x10', 'Material': 'A36', 'StartX': -0.914722, 'StartY': -0.914722, 'StartZ': 15.8, 'EndX': -0.875, 'EndY': -0.875, 'EndZ': 18.0}","{'ID': '00100238', 'Type': 'beam', 'PieceMark': 'M238', 'Section': 'L110x10', 'Material': 'A36', 'StartX': -0.875, 'StartY': 0.875, 'StartZ': 18.0, 'EndX': -0.840694, 'EndY': 0.840694, 'EndZ': 19.9}"
00100279,beam,M279,L60x4,A36,-0.951736,-0.951736,13.75,0.933229,-0.933229,14.775,"{'ID': '00100271', 'Type': 'beam', 'PieceMark': 'M271', 'Section': 'L130x10', 'Material': 'A36', 'StartX': -0.951736, 'StartY': -0.951736, 'StartZ': 13.75, 'EndX': -0.914722, 'EndY': -0.914722, 'EndZ': 15.8}","{'ID': '00100272', 'Type': 'beam', 'PieceMark': 'M272', 'Section': 'L130x10', 'Material': 'A36', 'StartX': 0.951736, 'StartY': -0.951736, 'StartZ': 13.75, 'EndX': 0.914722, 'EndY': -0.914722, 'EndZ': 15.8}"
00100280,beam,M280,L60x4,A36,0.951736,-0.951736,13.75,0.933229,0.933229,14.775,"{'ID': '00100272', 'Type': 'beam', 'PieceMark': 'M272', 'Section': 'L130x10', 'Material': 'A36', 'StartX': 0.951736, 'StartY': -0.951736, 'StartZ': 13.75, 'EndX': 0.914722, 'EndY': -0.914722, 'EndZ': 15.8}","{'ID': '00100273', 'Type': 'beam', 'PieceMark': 'M273', 'Section': 'L130x10', 'Material': 'A36', 'StartX': 0.951736, 'StartY': 0.951736, 'StartZ': 13.75, 'EndX': 0.914722, 'EndY': 0.914722, 'EndZ': 15.8}"
00100281,beam,M281,L60x4,A36,0.951736,0.951736,13.75,-0.933229,0.933229,14.775,"{'ID': '00100273', 'Type': 'beam', 'PieceMark': 'M273', 'Section': 'L130x10', 'Material': 'A36', 'StartX': 0.951736, 'StartY': 0.951736, 'StartZ': 13.75, 'EndX': 0.914722, 'EndY': 0.914722, 'EndZ': 15.8}","{'ID': '00100274', 'Type': 'beam', 'PieceMark': 'M274', 'Section': 'L130x10', 'Material': 'A36', 'StartX': -0.951736, 'StartY': 0.951736, 'StartZ': 13.75, 'EndX': -0.914722, 'EndY': 0.914722, 'EndZ': 15.8}"
00100282,beam,M282,L60x4,A36,-0.951736,0.951736,13.75,-0.933229,-0.933229,14.775,"{'ID': '00100274', 'Type': 'beam', 'PieceMark': 'M274', 'Section': 'L130x10', 'Material': 'A36', 'StartX': -0.951736, 'StartY': 0.951736, 'StartZ': 13.75, 'EndX': -0.914722, 'EndY': 0.914722, 'EndZ': 15.8}","{'ID': '00100271', 'Type': 'beam', 'PieceMark': 'M271', 'Section': 'L130x10', 'Material': 'A36', 'StartX': -0.951736, 'StartY': -0.951736, 'StartZ': 13.75, 'EndX': -0.914722, 'EndY': -0.914722, 'EndZ': 15.8}"
00100283,beam,M283,L60x4,A36,0.933229,-0.933229,14.775,-0.914722,-0.914722,15.8,"{'ID': '00100272', 'Type': 'beam', 'PieceMark': 'M272', 'Section': 'L130x10', 'Material': 'A36', 'StartX': 0.951736, 'StartY': -0.951736, 'StartZ': 13.75, 'EndX': 0.914722, 'EndY': -0.914722, 'EndZ': 15.8}","{'ID': '00100271', 'Type': 'beam', 'PieceMark': 'M271', 'Section': 'L130x10', 'Material': 'A36', 'StartX': -0.951736, 'StartY': -0.951736, 'StartZ': 13.75, 'EndX': -0.914722, 'EndY': -0.914722, 'EndZ': 15.8}"
00100284,beam,M284,L60x4,A36,0.933229,0.933229,14.775,0.914722,-0.914722,15.8,"{'ID': '00100273', 'Type': 'beam', 'PieceMark': 'M273', 'Section': 'L130x10', 'Material': 'A36', 'StartX': 0.951736, 'StartY': 0.951736, 'StartZ': 13.75, 'EndX': 0.914722, 'EndY': 0.914722, 'EndZ': 15.8}","{'ID': '00100272', 'Type': 'beam', 'PieceMark': 'M272', 'Section': 'L130x10', 'Material': 'A36', 'StartX': 0.951736, 'StartY': -0.951736, 'StartZ': 13.75, 'EndX': 0.914722, 'EndY': -0.914722, 'EndZ': 15.8}"
00100285,beam,M285,L60x4,A36,-0.933229,0.933229,14.775,0.914722,0.914722,15.8,"{'ID': '00100274', 'Type': 'beam', 'PieceMark': 'M274', 'Section': 'L130x10', 'Material': 'A36', 'StartX': -0.951736, 'StartY': 0.951736, 'StartZ': 13.75, 'EndX': -0.914722, 'EndY': 0.914722, 'EndZ': 15.8}","{'ID': '00100273', 'Type': 'beam', 'PieceMark': 'M273', 'Section': 'L130x10', 'Material': 'A36', 'StartX': 0.951736, 'StartY': 0.951736, 'StartZ': 13.75, 'EndX': 0.914722, 'EndY': 0.914722, 'EndZ': 15.8}"
00100286,beam,M286,L60x4,A36,-0.933229,-0.933229,14.775,-0.914722,0.914722,15.8,"{'ID': '00100271', 'Type': 'beam', 'PieceMark': 'M271', 'Section': 'L130x10', 'Material': 'A36', 'StartX': -0.951736, 'StartY': -0.951736, 'StartZ': 13.75, 'EndX': -0.914722, 'EndY': -0.914722, 'EndZ': 15.8}","{'ID': '00100258', 'Type': 'beam', 'PieceMark': 'M258', 'Section': 'L130x10', 'Material': 'A36', 'StartX': -0.914722, 'StartY': 0.914722, 'StartZ': 15.8, 'EndX': -0.875, 'EndY': 0.875, 'EndZ': 18.0}"
00100295,beam,M295,L60x4,A36,-0.983333,-0.983333,12.0,0.967535,-0.967535,12.875,"{'ID': '00100287', 'Type': 'beam', 'PieceMark': 'M287', 'Section': 'L130x10', 'Material': 'A36', 'StartX': -0.983333, 'StartY': -0.983333, 'StartZ': 12.0, 'EndX': -0.951736, 'EndY': -0.951736, 'EndZ': 13.75}","{'ID': '00100288', 'Type': 'beam', 'PieceMark': 'M288', 'Section': 'L130x10', 'Material': 'A36', 'StartX': 0.983333, 'StartY': -0.983333, 'StartZ': 12.0, 'EndX': 0.951736, 'EndY': -0.951736, 'EndZ': 13.75}"
00100296,beam,M296,L60x4,A36,0.983333,-0.983333,12.0,0.967535,0.967535,12.875,"{'ID': '00100288', 'Type': 'beam', 'PieceMark': 'M288', 'Section': 'L130x10', 'Material': 'A36', 'StartX': 0.983333, 'StartY': -0.983333, 'StartZ': 12.0, 'EndX': 0.951736, 'EndY': -0.951736, 'EndZ': 13.75}","{'ID': '00100289', 'Type': 'beam', 'PieceMark': 'M289', 'Section': 'L130x10', 'Material': 'A36', 'StartX': 0.983333, 'StartY': 0.983333, 'StartZ': 12.0, 'EndX': 0.951736, 'EndY': 0.951736, 'EndZ': 13.75}"
00100297,beam,M297,L60x4,A36,0.983333,0.983333,12.0,-0.967535,0.967535,12.875,"{'ID': '00100289', 'Type': 'beam', 'PieceMark': 'M289', 'Section': 'L130x10', 'Material': 'A36', 'StartX': 0.983333, 'StartY': 0.983333, 'StartZ': 12.0, 'EndX': 0.951736, 'EndY': 0.951736, 'EndZ': 13.75}","{'ID': '00100290', 'Type': 'beam', 'PieceMark': 'M290', 'Section': 'L130x10', 'Material': 'A36', 'StartX': -0.983333, 'StartY': 0.983333, 'StartZ': 12.0, 'EndX': -0.951736, 'EndY': 0.951736, 'EndZ': 13.75}"
00100298,beam,M298,L60x4,A36,-0.983333,0.983333,12.0,-0.967535,-0.967535,12.875,"{'ID': '00100290', 'Type': 'beam', 'PieceMark': 'M290', 'Section': 'L130x10', 'Material': 'A36', 'StartX': -0.983333, 'StartY': 0.983333, 'StartZ': 12.0, 'EndX': -0.951736, 'EndY': 0.951736, 'EndZ': 13.75}","{'ID': '00100287', 'Type': 'beam', 'PieceMark': 'M287', 'Section': 'L130x10', 'Material': 'A36', 'StartX': -0.983333, 'StartY': -0.983333, 'StartZ': 12.0, 'EndX': -0.951736, 'EndY': -0.951736, 'EndZ': 13.75}"
00100299,beam,M299,L60x4,A36,0.967535,-0.967535,12.875,-0.951736,-0.951736,13.75,"{'ID': '00100288', 'Type': 'beam', 'PieceMark': 'M288', 'Section': 'L130x10', 'Material': 'A36', 'StartX': 0.983333, 'StartY': -0.983333, 'StartZ': 12.0, 'EndX': 0.951736, 'EndY': -0.951736, 'EndZ': 13.75}","{'ID': '00100287', 'Type': 'beam', 'PieceMark': 'M287', 'Section': 'L130x10', 'Material': 'A36', 'StartX': -0.983333, 'StartY': -0.983333, 'StartZ': 12.0, 'EndX': -0.951736, 'EndY': -0.951736, 'EndZ': 13.75}"
00100300,beam,M300,L60x4,A36,0.967535,0.967535,12.875,0.951736,-0.951736,13.75,"{'ID': '00100289', 'Type': 'beam', 'PieceMark': 'M289', 'Section': 'L130x10', 'Material': 'A36', 'StartX': 0.983333, 'StartY': 0.983333, 'StartZ': 12.0, 'EndX': 0.951736, 'EndY': 0.951736, 'EndZ': 13.75}","{'ID': '00100288', 'Type': 'beam', 'PieceMark': 'M288', 'Section': 'L130x10', 'Material': 'A36', 'StartX': 0.983333, 'StartY': -0.983333, 'StartZ': 12.0, 'EndX': 0.951736, 'EndY': -0.951736, 'EndZ': 13.75}"
00100301,beam,M301,L60x4,A36,-0.967535,0.967535,12.875,0.951736,0.951736,13.75,"{'ID': '00100290', 'Type': 'beam', 'PieceMark': 'M290', 'Section': 'L130x10', 'Material': 'A36', 'StartX': -0.983333, 'StartY': 0.983333, 'StartZ': 12.0, 'EndX': -0.951736, 'EndY': 0.951736, 'EndZ': 13.75}","{'ID': '00100289', 'Type': 'beam', 'PieceMark': 'M289', 'Section': 'L130x10', 'Material': 'A36', 'StartX': 0.983333, 'StartY': 0.983333, 'StartZ': 12.0, 'EndX': 0.951736, 'EndY': 0.951736, 'EndZ': 13.75}"
00100302,beam,M302,L60x4,A36,-0.967535,-0.967535,12.875,-0.951736,0.951736,13.75,"{'ID': '00100287', 'Type': 'beam', 'PieceMark': 'M287', 'Section': 'L130x10', 'Material': 'A36', 'StartX': -0.983333, 'StartY': -0.983333, 'StartZ': 12.0, 'EndX': -0.951736, 'EndY': -0.951736, 'EndZ': 13.75}","{'ID': '00100274', 'Type': 'beam', 'PieceMark': 'M274', 'Section': 'L130x10', 'Material': 'A36', 'StartX': -0.951736, 'StartY': 0.951736, 'StartZ': 13.75, 'EndX': -0.914722, 'EndY': 0.914722, 'EndZ': 15.8}"
00100312,beam,M312,L40x4,A36,-1.02215,-1.02215,9.85,0.0,-1.00274,10.925,"{'ID': '00100331', 'Type': 'beam', 'PieceMark': 'M331', 'Section': 'L130x12', 'Material': 'A36', 'StartX': -1.05826, 'StartY': -1.05826, 'StartZ': 7.85, 'EndX': -1.02215, 'EndY': -1.02215, 'EndZ': 9.85}",
00100313,beam,M313,L40x4,A36,1.02215,-1.02215,9.85,0.0,-1.00274,10.925,"{'ID': '00100332', 'Type': 'beam', 'PieceMark': 'M332', 'Section': 'L130x12', 'Material': 'A36', 'StartX': 1.05826, 'StartY': -1.05826, 'StartZ': 7.85, 'EndX': 1.02215, 'EndY': -1.02215, 'EndZ': 9.85}",
00100315,beam,M315,L40x4,A36,1.02215,-1.02215,9.85,1.00274,0.0,10.925,"{'ID': '00100332', 'Type': 'beam', 'PieceMark': 'M332', 'Section': 'L130x12', 'Material': 'A36', 'StartX': 1.05826, 'StartY': -1.05826, 'StartZ': 7.85, 'EndX': 1.02215, 'EndY': -1.02215, 'EndZ': 9.85}",
00100316,beam,M316,L40x4,A36,1.02215,1.02215,9.85,1.00274,0.0,10.925,"{'ID': '00100333', 'Type': 'beam', 'PieceMark': 'M333', 'Section': 'L130x12', 'Material': 'A36', 'StartX': 1.05826, 'StartY': 1.05826, 'StartZ': 7.85, 'EndX': 1.02215, 'EndY': 1.02215, 'EndZ': 9.85}",
00100318,beam,M318,L40x4,A36,1.02215,1.02215,9.85,0.0,1.00274,10.925,"{'ID': '00100333', 'Type': 'beam', 'PieceMark': 'M333', 'Section': 'L130x12', 'Material': 'A36', 'StartX': 1.05826, 'StartY': 1.05826, 'StartZ': 7.85, 'EndX': 1.02215, 'EndY': 1.02215, 'EndZ': 9.85}",
00100319,beam,M319,L40x4,A36,-1.02215,1.02215,9.85,0.0,1.00274,10.925,"{'ID': '00100334', 'Type': 'beam', 'PieceMark': 'M334', 'Section': 'L130x12', 'Material': 'A36', 'StartX': -1.05826, 'StartY': 1.05826, 'StartZ': 7.85, 'EndX': -1.02215, 'EndY': 1.02215, 'EndZ': 9.85}",
00100321,beam,M321,L40x4,A36,-1.02215,1.02215,9.85,-1.00274,0.0,10.925,"{'ID': '00100334', 'Type': 'beam', 'PieceMark': 'M334', 'Section': 'L130x12', 'Material': 'A36', 'StartX': -1.05826, 'StartY': 1.05826, 'StartZ': 7.85, 'EndX': -1.02215, 'EndY': 1.02215, 'EndZ': 9.85}",
00100322,beam,M322,L40x4,A36,-1.02215,-1.02215,9.85,-1.00274,0.0,10.925,"{'ID': '00100331', 'Type': 'beam', 'PieceMark': 'M331', 'Section': 'L130x12', 'Material': 'A36', 'StartX': -1.05826, 'StartY': -1.05826, 'StartZ': 7.85, 'EndX': -1.02215, 'EndY': -1.02215, 'EndZ': 9.85}",
00100323,beam,M323,L40x4,A36,0.0,-1.00274,10.925,-0.983333,-0.983333,12.0,,"{'ID': '00100303', 'Type': 'beam', 'PieceMark': 'M303', 'Section': 'L130x12', 'Material': 'A36', 'StartX': -1.02215, 'StartY': -1.02215, 'StartZ': 9.85, 'EndX': -0.983333, 'EndY': -0.983333, 'EndZ': 12.0}"
00100324,beam,M324,L40x4,A36,0.0,-1.00274,10.925,0.983333,-0.983333,12.0,,"{'ID': '00100304', 'Type': 'beam', 'PieceMark': 'M304', 'Section': 'L130x12', 'Material': 'A36', 'StartX': 1.02215, 'StartY': -1.02215, 'StartZ': 9.85, 'EndX': 0.983333, 'EndY': -0.983333, 'EndZ': 12.0}"
00100325,beam,M325,L40x4,A36,1.00274,0.0,10.925,0.983333,-0.983333,12.0,,"{'ID': '00100304', 'Type': 'beam', 'PieceMark': 'M304', 'Section': 'L130x12', 'Material': 'A36', 'StartX': 1.02215, 'StartY': -1.02215, 'StartZ': 9.85, 'EndX': 0.983333, 'EndY': -0.983333, 'EndZ': 12.0}"
00100326,beam,M326,L40x4,A36,1.00274,0.0,10.925,0.983333,0.983333,12.0,,"{'ID': '00100305', 'Type': 'beam', 'PieceMark': 'M305', 'Section': 'L130x12', 'Material': 'A36', 'StartX': 1.02215, 'StartY': 1.02215, 'StartZ': 9.85, 'EndX': 0.983333, 'EndY': 0.983333, 'EndZ': 12.0}"
00100327,beam,M327,L40x4,A36,0.0,1.00274,10.925,0.983333,0.983333,12.0,,"{'ID': '00100305', 'Type': 'beam', 'PieceMark': 'M305', 'Section': 'L130x12', 'Material': 'A36', 'StartX': 1.02215, 'StartY': 1.02215, 'StartZ': 9.85, 'EndX': 0.983333, 'EndY': 0.983333, 'EndZ': 12.0}"
00100328,beam,M328,L40x4,A36,0.0,1.00274,10.925,-0.983333,0.983333,12.0,,"{'ID': '00100306', 'Type': 'beam', 'PieceMark': 'M306', 'Section': 'L130x12', 'Material': 'A36', 'StartX': -1.02215, 'StartY': 1.02215, 'StartZ': 9.85, 'EndX': -0.983333, 'EndY': 0.983333, 'EndZ': 12.0}"
00100329,beam,M329,L40x4,A36,-1.00274,0.0,10.925,-0.983333,0.983333,12.0,,"{'ID': '00100306', 'Type': 'beam', 'PieceMark': 'M306', 'Section': 'L130x12', 'Material': 'A36', 'StartX': -1.02215, 'StartY': 1.02215, 'StartZ': 9.85, 'EndX': -0.983333, 'EndY': 0.983333, 'EndZ': 12.0}"
00100330,beam,M330,L40x4,A36,-1.00274,0.0,10.925,-0.983333,-0.983333,12.0,,"{'ID': '00100303', 'Type': 'beam', 'PieceMark': 'M303', 'Section': 'L130x12', 'Material': 'A36', 'StartX': -1.02215, 'StartY': -1.02215, 'StartZ': 9.85, 'EndX': -0.983333, 'EndY': -0.983333, 'EndZ': 12.0}"
00100336,beam,M336,L40x4,A36,-1.05826,-1.05826,7.85,0.0,-1.04021,8.85,"{'ID': '00100355', 'Type': 'beam', 'PieceMark': 'M355', 'Section': 'L130x12', 'Material': 'A36', 'StartX': -1.09167, 'StartY': -1.09167, 'StartZ': 6.0, 'EndX': -1.05826, 'EndY': -1.05826, 'EndZ': 7.85}",
00100337,beam,M337,L40x4,A36,1.05826,-1.05826,7.85,0.0,-1.04021,8.85,"{'ID': '00100356', 'Type': 'beam', 'PieceMark': 'M356', 'Section': 'L130x12', 'Material': 'A36', 'StartX': 1.09167, 'StartY': -1.09167, 'StartZ': 6.0, 'EndX': 1.05826, 'EndY': -1.05826, 'EndZ': 7.85}",
00100339,beam,M339,L40x4,A36,1.05826,-1.05826,7.85,1.04021,0.0,8.85,"{'ID': '00100356', 'Type': 'beam', 'PieceMark': 'M356', 'Section': 'L130x12', 'Material': 'A36', 'StartX': 1.09167, 'StartY': -1.09167, 'StartZ': 6.0, 'EndX': 1.05826, 'EndY': -1.05826, 'EndZ': 7.85}",
00100340,beam,M340,L40x4,A36,1.05826,1.05826,7.85,1.04021,0.0,8.85,"{'ID': '00100357', 'Type': 'beam', 'PieceMark': 'M357', 'Section': 'L130x12', 'Material': 'A36', 'StartX': 1.09167, 'StartY': 1.09167, 'StartZ': 6.0, 'EndX': 1.05826, 'EndY': 1.05826, 'EndZ': 7.85}",
00100342,beam,M342,L40x4,A36,1.05826,1.05826,7.85,0.0,1.04021,8.85,"{'ID': '00100357', 'Type': 'beam', 'PieceMark': 'M357', 'Section': 'L130x12', 'Material': 'A36', 'StartX': 1.09167, 'StartY': 1.09167, 'StartZ': 6.0, 'EndX': 1.05826, 'EndY': 1.05826, 'EndZ': 7.85}",
00100343,beam,M343,L40x4,A36,-1.05826,1.05826,7.85,0.0,1.04021,8.85,"{'ID': '00100358', 'Type': 'beam', 'PieceMark': 'M358', 'Section': 'L130x12', 'Material': 'A36', 'StartX': -1.09167, 'StartY': 1.09167, 'StartZ': 6.0, 'EndX': -1.05826, 'EndY': 1.05826, 'EndZ': 7.85}",
00100345,beam,M345,L40x4,A36,-1.05826,1.05826,7.85,-1.04021,0.0,8.85,"{'ID': '00100358', 'Type': 'beam', 'PieceMark': 'M358', 'Section': 'L130x12', 'Material': 'A36', 'StartX': -1.09167, 'StartY': 1.09167, 'StartZ': 6.0, 'EndX': -1.05826, 'EndY': 1.05826, 'EndZ': 7.85}",
00100346,beam,M346,L40x4,A36,-1.05826,-1.05826,7.85,-1.04021,0.0,8.85,"{'ID': '00100355', 'Type': 'beam', 'PieceMark': 'M355', 'Section': 'L130x12', 'Material': 'A36', 'StartX': -1.09167, 'StartY': -1.09167, 'StartZ': 6.0, 'EndX': -1.05826, 'EndY': -1.05826, 'EndZ': 7.85}",
00100347,beam,M347,L40x4,A36,0.0,-1.04021,8.85,-1.02215,-1.02215,9.85,,"{'ID': '00100331', 'Type': 'beam', 'PieceMark': 'M331', 'Section': 'L130x12', 'Material': 'A36', 'StartX': -1.05826, 'StartY': -1.05826, 'StartZ': 7.85, 'EndX': -1.02215, 'EndY': -1.02215, 'EndZ': 9.85}"
00100348,beam,M348,L40x4,A36,0.0,-1.04021,8.85,1.02215,-1.02215,9.85,,"{'ID': '00100332', 'Type': 'beam', 'PieceMark': 'M332', 'Section': 'L130x12', 'Material': 'A36', 'StartX': 1.05826, 'StartY': -1.05826, 'StartZ': 7.85, 'EndX': 1.02215, 'EndY': -1.02215, 'EndZ': 9.85}"
00100349,beam,M349,L40x4,A36,1.04021,0.0,8.85,1.02215,-1.02215,9.85,,"{'ID': '00100332', 'Type': 'beam', 'PieceMark': 'M332', 'Section': 'L130x12', 'Material': 'A36', 'StartX': 1.05826, 'StartY': -1.05826, 'StartZ': 7.85, 'EndX': 1.02215, 'EndY': -1.02215, 'EndZ': 9.85}"
00100350,beam,M350,L40x4,A36,1.04021,0.0,8.85,1.02215,1.02215,9.85,,"{'ID': '00100333', 'Type': 'beam', 'PieceMark': 'M333', 'Section': 'L130x12', 'Material': 'A36', 'StartX': 1.05826, 'StartY': 1.05826, 'StartZ': 7.85, 'EndX': 1.02215, 'EndY': 1.02215, 'EndZ': 9.85}"
00100351,beam,M351,L40x4,A36,0.0,1.04021,8.85,1.02215,1.02215,9.85,,"{'ID': '00100333', 'Type': 'beam', 'PieceMark': 'M333', 'Section': 'L130x12', 'Material': 'A36', 'StartX': 1.05826, 'StartY': 1.05826, 'StartZ': 7.85, 'EndX': 1.02215, 'EndY': 1.02215, 'EndZ': 9.85}"
00100352,beam,M352,L40x4,A36,0.0,1.04021,8.85,-1.02215,1.02215,9.85,,"{'ID': '00100334', 'Type': 'beam', 'PieceMark': 'M334', 'Section': 'L130x12', 'Material': 'A36', 'StartX': -1.05826, 'StartY': 1.05826, 'StartZ': 7.85, 'EndX': -1.02215, 'EndY': 1.02215, 'EndZ': 9.85}"
00100353,beam,M353,L40x4,A36,-1.04021,0.0,8.85,-1.02215,1.02215,9.85,,"{'ID': '00100334', 'Type': 'beam', 'PieceMark': 'M334', 'Section': 'L130x12', 'Material': 'A36', 'StartX': -1.05826, 'StartY': 1.05826, 'StartZ': 7.85, 'EndX': -1.02215, 'EndY': 1.02215, 'EndZ': 9.85}"
00100354,beam,M354,L40x4,A36,-1.04021,0.0,8.85,-1.02215,-1.02215,9.85,,"{'ID': '00100331', 'Type': 'beam', 'PieceMark': 'M331', 'Section': 'L130x12', 'Material': 'A36', 'StartX': -1.05826, 'StartY': -1.05826, 'StartZ': 7.85, 'EndX': -1.02215, 'EndY': -1.02215, 'EndZ': 9.85}"
00100360,beam,M360,L40x4,A36,-1.09167,-1.09167,6.0,0.0,-1.07497,6.925,"{'ID': '00100379', 'Type': 'beam', 'PieceMark': 'M379', 'Section': 'L140x12', 'Material': 'A36', 'StartX': -1.13139, 'StartY': -1.13139, 'StartZ': 3.8, 'EndX': -1.09167, 'EndY': -1.09167, 'EndZ': 6.0}",
00100361,beam,M361,L40x4,A36,1.09167,-1.09167,6.0,0.0,-1.07497,6.925,"{'ID': '00100380', 'Type': 'beam', 'PieceMark': 'M380', 'Section': 'L140x12', 'Material': 'A36', 'StartX': 1.13139, 'StartY': -1.13139, 'StartZ': 3.8, 'EndX': 1.09167, 'EndY': -1.09167, 'EndZ': 6.0}",
00100363,beam,M363,L40x4,A36,1.09167,-1.09167,6.0,1.07497,0.0,6.925,"{'ID': '00100380', 'Type': 'beam', 'PieceMark': 'M380', 'Section': 'L140x12', 'Material': 'A36', 'StartX': 1.13139, 'StartY': -1.13139, 'StartZ': 3.8, 'EndX': 1.09167, 'EndY': -1.09167, 'EndZ': 6.0}",
00100364,beam,M364,L40x4,A36,1.09167,1.09167,6.0,1.07497,0.0,6.925,"{'ID': '00100381', 'Type': 'beam', 'PieceMark': 'M381', 'Section': 'L140x12', 'Material': 'A36', 'StartX': 1.13139, 'StartY': 1.13139, 'StartZ': 3.8, 'EndX': 1.09167, 'EndY': 1.09167, 'EndZ': 6.0}",
00100366,beam,M366,L40x4,A36,1.09167,1.09167,6.0,0.0,1.07497,6.925,"{'ID': '00100381', 'Type': 'beam', 'PieceMark': 'M381', 'Section': 'L140x12', 'Material': 'A36', 'StartX': 1.13139, 'StartY': 1.13139, 'StartZ': 3.8, 'EndX': 1.09167, 'EndY': 1.09167, 'EndZ': 6.0}",
00100367,beam,M367,L40x4,A36,-1.09167,1.09167,6.0,0.0,1.07497,6.925,"{'ID': '00100382', 'Type': 'beam', 'PieceMark': 'M382', 'Section': 'L140x12', 'Material': 'A36', 'StartX': -1.13139, 'StartY': 1.13139, 'StartZ': 3.8, 'EndX': -1.09167, 'EndY': 1.09167, 'EndZ': 6.0}",
00100369,beam,M369,L40x4,A36,-1.09167,1.09167,6.0,-1.07497,0.0,6.925,"{'ID': '00100382', 'Type': 'beam', 'PieceMark': 'M382', 'Section': 'L140x12', 'Material': 'A36', 'StartX': -1.13139, 'StartY': 1.13139, 'StartZ': 3.8, 'EndX': -1.09167, 'EndY': 1.09167, 'EndZ': 6.0}",
00100370,beam,M370,L40x4,A36,-1.09167,-1.09167,6.0,-1.07497,0.0,6.925,"{'ID': '00100379', 'Type': 'beam', 'PieceMark': 'M379', 'Section': 'L140x12', 'Material': 'A36', 'StartX': -1.13139, 'StartY': -1.13139, 'StartZ': 3.8, 'EndX': -1.09167, 'EndY': -1.09167, 'EndZ': 6.0}",
00100371,beam,M371,L40x4,A36,0.0,-1.07497,6.925,-1.05826,-1.05826,7.85,,"{'ID': '00100355', 'Type': 'beam', 'PieceMark': 'M355', 'Section': 'L130x12', 'Material': 'A36', 'StartX': -1.09167, 'StartY': -1.09167, 'StartZ': 6.0, 'EndX': -1.05826, 'EndY': -1.05826, 'EndZ': 7.85}"
00100372,beam,M372,L40x4,A36,0.0,-1.07497,6.925,1.05826,-1.05826,7.85,,"{'ID': '00100356', 'Type': 'beam', 'PieceMark': 'M356', 'Section': 'L130x12', 'Material': 'A36', 'StartX': 1.09167, 'StartY': -1.09167, 'StartZ': 6.0, 'EndX': 1.05826, 'EndY': -1.05826, 'EndZ': 7.85}"
00100373,beam,M373,L40x4,A36,1.07497,0.0,6.925,1.05826,-1.05826,7.85,,"{'ID': '00100356', 'Type': 'beam', 'PieceMark': 'M356', 'Section': 'L130x12', 'Material': 'A36', 'StartX': 1.09167, 'StartY': -1.09167, 'StartZ': 6.0, 'EndX': 1.05826, 'EndY': -1.05826, 'EndZ': 7.85}"
00100374,beam,M374,L40x4,A36,1.07497,0.0,6.925,1.05826,1.05826,7.85,,"{'ID': '00100357', 'Type': 'beam', 'PieceMark': 'M357', 'Section': 'L130x12', 'Material': 'A36', 'StartX': 1.09167, 'StartY': 1.09167, 'StartZ': 6.0, 'EndX': 1.05826, 'EndY': 1.05826, 'EndZ': 7.85}"
00100375,beam,M375,L40x4,A36,0.0,1.07497,6.925,1.05826,1.05826,7.85,,"{'ID': '00100357', 'Type': 'beam', 'PieceMark': 'M357', 'Section': 'L130x12', 'Material': 'A36', 'StartX': 1.09167, 'StartY': 1.09167, 'StartZ': 6.0, 'EndX': 1.05826, 'EndY': 1.05826, 'EndZ': 7.85}"
00100376,beam,M376,L40x4,A36,0.0,1.07497,6.925,-1.05826,1.05826,7.85,,"{'ID': '00100358', 'Type': 'beam', 'PieceMark': 'M358', 'Section': 'L130x12', 'Material': 'A36', 'StartX': -1.09167, 'StartY': 1.09167, 'StartZ': 6.0, 'EndX': -1.05826, 'EndY': 1.05826, 'EndZ': 7.85}"
00100377,beam,M377,L40x4,A36,-1.07497,0.0,6.925,-1.05826,1.05826,7.85,,"{'ID': '00100358', 'Type': 'beam', 'PieceMark': 'M358', 'Section': 'L130x12', 'Material': 'A36', 'StartX': -1.09167, 'StartY': 1.09167, 'StartZ': 6.0, 'EndX': -1.05826, 'EndY': 1.05826, 'EndZ': 7.85}"
00100378,beam,M378,L40x4,A36,-1.07497,0.0,6.925,-1.05826,-1.05826,7.85,,"{'ID': '00100355', 'Type': 'beam', 'PieceMark': 'M355', 'Section': 'L130x12', 'Material': 'A36', 'StartX': -1.09167, 'StartY': -1.09167, 'StartZ': 6.0, 'EndX': -1.05826, 'EndY': -1.05826, 'EndZ': 7.85}"
00100384,beam,M384,L40x4,A36,-1.13139,-1.13139,3.8,0.0,-1.11153,4.9,"{'ID': '00100403', 'Type': 'beam', 'PieceMark': 'M403', 'Section': 'L140x12', 'Material': 'A36', 'StartX': -1.16569, 'StartY': -1.16569, 'StartZ': 1.9, 'EndX': -1.13139, 'EndY': -1.13139, 'EndZ': 3.8}",
00100385,beam,M385,L40x4,A36,1.13139,-1.13139,3.8,0.0,-1.11153,4.9,"{'ID': '00100404', 'Type': 'beam', 'PieceMark': 'M404', 'Section': 'L140x12', 'Material': 'A36', 'StartX': 1.16569, 'StartY': -1.16569, 'StartZ': 1.9, 'EndX': 1.13139, 'EndY': -1.13139, 'EndZ': 3.8}",
00100387,beam,M387,L40x4,A36,1.13139,-1.13139,3.8,1.11153,0.0,4.9,"{'ID': '00100404', 'Type': 'beam', 'PieceMark': 'M404', 'Section': 'L140x12', 'Material': 'A36', 'StartX': 1.16569, 'StartY': -1.16569, 'StartZ': 1.9, 'EndX': 1.13139, 'EndY': -1.13139, 'EndZ': 3.8}",
00100388,beam,M388,L40x4,A36,1.13139,1.13139,3.8,1.11153,0.0,4.9,"{'ID': '00100405', 'Type': 'beam', 'PieceMark': 'M405', 'Section': 'L140x12', 'Material': 'A36', 'StartX': 1.16569, 'StartY': 1.16569, 'StartZ': 1.9, 'EndX': 1.13139, 'EndY': 1.13139, 'EndZ': 3.8}",
00100390,beam,M390,L40x4,A36,1.13139,1.13139,3.8,0.0,1.11153,4.9,"{'ID': '00100405', 'Type': 'beam', 'PieceMark': 'M405', 'Section': 'L140x12', 'Material': 'A36', 'StartX': 1.16569, 'StartY': 1.16569, 'StartZ': 1.9, 'EndX': 1.13139, 'EndY': 1.13139, 'EndZ': 3.8}",
00100391,beam,M391,L40x4,A36,-1.13139,1.13139,3.8,0.0,1.11153,4.9,"{'ID': '00100406', 'Type': 'beam', 'PieceMark': 'M406', 'Section': 'L140x12', 'Material': 'A36', 'StartX': -1.16569, 'StartY': 1.16569, 'StartZ': 1.9, 'EndX': -1.13139, 'EndY': 1.13139, 'EndZ': 3.8}",
00100393,beam,M393,L40x4,A36,-1.13139,1.13139,3.8,-1.11153,0.0,4.9,"{'ID': '00100406', 'Type': 'beam', 'PieceMark': 'M406', 'Section': 'L140x12', 'Material': 'A36', 'StartX': -1.16569, 'StartY': 1.16569, 'StartZ': 1.9, 'EndX': -1.13139, 'EndY': 1.13139, 'EndZ': 3.8}",
00100394,beam,M394,L40x4,A36,-1.13139,-1.13139,3.8,-1.11153,0.0,4.9,"{'ID': '00100403', 'Type': 'beam', 'PieceMark': 'M403', 'Section': 'L140x12', 'Material': 'A36', 'StartX': -1.16569, 'StartY': -1.16569, 'StartZ': 1.9, 'EndX': -1.13139, 'EndY': -1.13139, 'EndZ': 3.8}",
00100395,beam,M395,L40x4,A36,0.0,-1.11153,4.9,-1.09167,-1.09167,6.0,,"{'ID': '00100379', 'Type': 'beam', 'PieceMark': 'M379', 'Section': 'L140x12', 'Material': 'A36', 'StartX': -1.13139, 'StartY': -1.13139, 'StartZ': 3.8, 'EndX': -1.09167, 'EndY': -1.09167, 'EndZ': 6.0}"
00100396,beam,M396,L40x4,A36,0.0,-1.11153,4.9,1.09167,-1.09167,6.0,,"{'ID': '00100380', 'Type': 'beam', 'PieceMark': 'M380', 'Section': 'L140x12', 'Material': 'A36', 'StartX': 1.13139, 'StartY': -1.13139, 'StartZ': 3.8, 'EndX': 1.09167, 'EndY': -1.09167, 'EndZ': 6.0}"
00100397,beam,M397,L40x4,A36,1.11153,0.0,4.9,1.09167,-1.09167,6.0,,"{'ID': '00100380', 'Type': 'beam', 'PieceMark': 'M380', 'Section': 'L140x12', 'Material': 'A36', 'StartX': 1.13139, 'StartY': -1.13139, 'StartZ': 3.8, 'EndX': 1.09167, 'EndY': -1.09167, 'EndZ': 6.0}"
00100398,beam,M398,L40x4,A36,1.11153,0.0,4.9,1.09167,1.09167,6.0,,"{'ID': '00100381', 'Type': 'beam', 'PieceMark': 'M381', 'Section': 'L140x12', 'Material': 'A36', 'StartX': 1.13139, 'StartY': 1.13139, 'StartZ': 3.8, 'EndX': 1.09167, 'EndY': 1.09167, 'EndZ': 6.0}"
00100399,beam,M399,L40x4,A36,0.0,1.11153,4.9,1.09167,1.09167,6.0,,"{'ID': '00100381', 'Type': 'beam', 'PieceMark': 'M381', 'Section': 'L140x12', 'Material': 'A36', 'StartX': 1.13139, 'StartY': 1.13139, 'StartZ': 3.8, 'EndX': 1.09167, 'EndY': 1.09167, 'EndZ': 6.0}"
00100400,beam,M400,L40x4,A36,0.0,1.11153,4.9,-1.09167,1.09167,6.0,,"{'ID': '00100382', 'Type': 'beam', 'PieceMark': 'M382', 'Section': 'L140x12', 'Material': 'A36', 'StartX': -1.13139, 'StartY': 1.13139, 'StartZ': 3.8, 'EndX': -1.09167, 'EndY': 1.09167, 'EndZ': 6.0}"
00100401,beam,M401,L40x4,A36,-1.11153,0.0,4.9,-1.09167,1.09167,6.0,,"{'ID': '00100382', 'Type': 'beam', 'PieceMark': 'M382', 'Section': 'L140x12', 'Material': 'A36', 'StartX': -1.13139, 'StartY': 1.13139, 'StartZ': 3.8, 'EndX': -1.09167, 'EndY': 1.09167, 'EndZ': 6.0}"
00100402,beam,M402,L40x4,A36,-1.11153,0.0,4.9,-1.09167,-1.09167,6.0,,"{'ID': '00100379', 'Type': 'beam', 'PieceMark': 'M379', 'Section': 'L140x12', 'Material': 'A36', 'StartX': -1.13139, 'StartY': -1.13139, 'StartZ': 3.8, 'EndX': -1.09167, 'EndY': -1.09167, 'EndZ': 6.0}"
00100408,beam,M408,L45x4,A36,-1.16569,-1.16569,1.9,0.0,-1.14854,2.85,"{'ID': '00100432', 'Type': 'beam', 'PieceMark': 'M432', 'Section': 'L140x12', 'Material': 'A36', 'StartX': -1.2, 'StartY': -1.2, 'StartZ': 0.0, 'EndX': -1.16569, 'EndY': -1.16569, 'EndZ': 1.9}",
00100409,beam,M409,L45x4,A36,1.16569,-1.16569,1.9,0.0,-1.14854,2.85,"{'ID': '00100433', 'Type': 'beam', 'PieceMark': 'M433', 'Section': 'L140x12', 'Material': 'A36', 'StartX': 1.2, 'StartY': -1.2, 'StartZ': 0.0, 'EndX': 1.16569, 'EndY': -1.16569, 'EndZ': 1.9}",
00100411,beam,M411,L45x4,A36,1.16569,-1.16569,1.9,1.14854,0.0,2.85,"{'ID': '00100433', 'Type': 'beam', 'PieceMark': 'M433', 'Section': 'L140x12', 'Material': 'A36', 'StartX': 1.2, 'StartY': -1.2, 'StartZ': 0.0, 'EndX': 1.16569, 'EndY': -1.16569, 'EndZ': 1.9}",
00100412,beam,M412,L45x4,A36,1.16569,1.16569,1.9,1.14854,0.0,2.85,"{'ID': '00100434', 'Type': 'beam', 'PieceMark': 'M434', 'Section': 'L140x12', 'Material': 'A36', 'StartX': 1.2, 'StartY': 1.2, 'StartZ': 0.0, 'EndX': 1.16569, 'EndY': 1.16569, 'EndZ': 1.9}",
00100414,beam,M414,L45x4,A36,1.16569,1.16569,1.9,0.0,1.14854,2.85,"{'ID': '00100434', 'Type': 'beam', 'PieceMark': 'M434', 'Section': 'L140x12', 'Material': 'A36', 'StartX': 1.2, 'StartY': 1.2, 'StartZ': 0.0, 'EndX': 1.16569, 'EndY': 1.16569, 'EndZ': 1.9}",
00100415,beam,M415,L45x4,A36,-1.16569,1.16569,1.9,0.0,1.14854,2.85,"{'ID': '00100435', 'Type': 'beam', 'PieceMark': 'M435', 'Section': 'L140x12', 'Material': 'A36', 'StartX': -1.2, 'StartY': 1.2, 'StartZ': 0.0, 'EndX': -1.16569, 'EndY': 1.16569, 'EndZ': 1.9}",
00100417,beam,M417,L45x4,A36,-1.16569,1.16569,1.9,-1.14854,0.0,2.85,"{'ID': '00100435', 'Type': 'beam', 'PieceMark': 'M435', 'Section': 'L140x12', 'Material': 'A36', 'StartX': -1.2, 'StartY': 1.2, 'StartZ': 0.0, 'EndX': -1.16569, 'EndY': 1.16569, 'EndZ': 1.9}",
00100418,beam,M418,L45x4,A36,-1.16569,-1.16569,1.9,-1.14854,0.0,2.85,"{'ID': '00100432', 'Type': 'beam', 'PieceMark': 'M432', 'Section': 'L140x12', 'Material': 'A36', 'StartX': -1.2, 'StartY': -1.2, 'StartZ': 0.0, 'EndX': -1.16569, 'EndY': -1.16569, 'EndZ': 1.9}",
00100424,beam,M424,L45x4,A36,0.0,-1.14854,2.85,-1.13139,-1.13139,3.8,,"{'ID': '00100403', 'Type': 'beam', 'PieceMark': 'M403', 'Section': 'L140x12', 'Material': 'A36', 'StartX': -1.16569, 'StartY': -1.16569, 'StartZ': 1.9, 'EndX': -1.13139, 'EndY': -1.13139, 'EndZ': 3.8}"
00100425,beam,M425,L45x4,A36,0.0,-1.14854,2.85,1.13139,-1.13139,3.8,,"{'ID': '00100404', 'Type': 'beam', 'PieceMark': 'M404', 'Section': 'L140x12', 'Material': 'A36', 'StartX': 1.16569, 'StartY': -1.16569, 'StartZ': 1.9, 'EndX': 1.13139, 'EndY': -1.13139, 'EndZ': 3.8}"
00100426,beam,M426,L45x4,A36,1.14854,0.0,2.85,1.13139,-1.13139,3.8,,"{'ID': '00100404', 'Type': 'beam', 'PieceMark': 'M404', 'Section': 'L140x12', 'Material': 'A36', 'StartX': 1.16569, 'StartY': -1.16569, 'StartZ': 1.9, 'EndX': 1.13139, 'EndY': -1.13139, 'EndZ': 3.8}"
00100427,beam,M427,L45x4,A36,1.14854,0.0,2.85,1.13139,1.13139,3.8,,"{'ID': '00100405', 'Type': 'beam', 'PieceMark': 'M405', 'Section': 'L140x12', 'Material': 'A36', 'StartX': 1.16569, 'StartY': 1.16569, 'StartZ': 1.9, 'EndX': 1.13139, 'EndY': 1.13139, 'EndZ': 3.8}"
00100428,beam,M428,L45x4,A36,0.0,1.14854,2.85,1.13139,1.13139,3.8,,"{'ID': '00100405', 'Type': 'beam', 'PieceMark': 'M405', 'Section': 'L140x12', 'Material': 'A36', 'StartX': 1.16569, 'StartY': 1.16569, 'StartZ': 1.9, 'EndX': 1.13139, 'EndY': 1.13139, 'EndZ': 3.8}"
00100429,beam,M429,L45x4,A36,0.0,1.14854,2.85,-1.13139,1.13139,3.8,,"{'ID': '00100406', 'Type': 'beam', 'PieceMark': 'M406', 'Section': 'L140x12', 'Material': 'A36', 'StartX': -1.16569, 'StartY': 1.16569, 'StartZ': 1.9, 'EndX': -1.13139, 'EndY': 1.13139, 'EndZ': 3.8}"
00100430,beam,M430,L45x4,A36,-1.14854,0.0,2.85,-1.13139,1.13139,3.8,,"{'ID': '00100406', 'Type': 'beam', 'PieceMark': 'M406', 'Section': 'L140x12', 'Material': 'A36', 'StartX': -1.16569, 'StartY': 1.16569, 'StartZ': 1.9, 'EndX': -1.13139, 'EndY': 1.13139, 'EndZ': 3.8}"
00100431,beam,M431,L45x4,A36,-1.14854,0.0,2.85,-1.13139,-1.13139,3.8,,"{'ID': '00100403', 'Type': 'beam', 'PieceMark': 'M403', 'Section': 'L140x12', 'Material': 'A36', 'StartX': -1.16569, 'StartY': -1.16569, 'StartZ': 1.9, 'EndX': -1.13139, 'EndY': -1.13139, 'EndZ': 3.8}"
00100437,beam,M437,L45x4,A36,-1.2,-1.2,0.0,0.0,-1.18285,0.95,"{'ID': '00100432', 'Type': 'beam', 'PieceMark': 'M432', 'Section': 'L140x12', 'Material': 'A36', 'StartX': -1.2, 'StartY': -1.2, 'StartZ': 0.0, 'EndX': -1.16569, 'EndY': -1.16569, 'EndZ': 1.9}",
00100438,beam,M438,L45x4,A36,1.2,-1.2,0.0,0.0,-1.18285,0.95,"{'ID': '00100433', 'Type': 'beam', 'PieceMark': 'M433', 'Section': 'L140x12', 'Material': 'A36', 'StartX': 1.2, 'StartY': -1.2, 'StartZ': 0.0, 'EndX': 1.16569, 'EndY': -1.16569, 'EndZ': 1.9}",
00100440,beam,M440,L45x4,A36,1.2,-1.2,0.0,1.18285,0.0,0.95,"{'ID': '00100433', 'Type': 'beam', 'PieceMark': 'M433', 'Section': 'L140x12', 'Material': 'A36', 'StartX': 1.2, 'StartY': -1.2, 'StartZ': 0.0, 'EndX': 1.16569, 'EndY': -1.16569, 'EndZ': 1.9}",
00100441,beam,M441,L45x4,A36,1.2,1.2,0.0,1.18285,0.0,0.95,"{'ID': '00100434', 'Type': 'beam', 'PieceMark': 'M434', 'Section': 'L140x12', 'Material': 'A36', 'StartX': 1.2, 'StartY': 1.2, 'StartZ': 0.0, 'EndX': 1.16569, 'EndY': 1.16569, 'EndZ': 1.9}",
00100443,beam,M443,L45x4,A36,1.2,1.2,0.0,0.0,1.18285,0.95,"{'ID': '00100434', 'Type': 'beam', 'PieceMark': 'M434', 'Section': 'L140x12', 'Material': 'A36', 'StartX': 1.2, 'StartY': 1.2, 'StartZ': 0.0, 'EndX': 1.16569, 'EndY': 1.16569, 'EndZ': 1.9}",
00100444,beam,M444,L45x4,A36,-1.2,1.2,0.0,0.0,1.18285,0.95,"{'ID': '00100435', 'Type': 'beam', 'PieceMark': 'M435', 'Section': 'L140x12', 'Material': 'A36', 'StartX': -1.2, 'StartY': 1.2, 'StartZ': 0.0, 'EndX': -1.16569, 'EndY': 1.16569, 'EndZ': 1.9}",
00100446,beam,M446,L45x4,A36,-1.2,1.2,0.0,-1.18285,0.0,0.95,"{'ID': '00100435', 'Type': 'beam', 'PieceMark': 'M435', 'Section': 'L140x12', 'Material': 'A36', 'StartX': -1.2, 'StartY': 1.2, 'StartZ': 0.0, 'EndX': -1.16569, 'EndY': 1.16569, 'EndZ': 1.9}",
00100447,beam,M447,L45x4,A36,-1.2,-1.2,0.0,-1.18285,0.0,0.95,"{'ID': '00100432', 'Type': 'beam', 'PieceMark': 'M432', 'Section': 'L140x12', 'Material': 'A36', 'StartX': -1.2, 'StartY': -1.2, 'StartZ': 0.0, 'EndX': -1.16569, 'EndY': -1.16569, 'EndZ': 1.9}",
00100448,beam,M448,L45x4,A36,0.0,-1.18285,0.95,-1.16569,-1.16569,1.9,,"{'ID': '00100432', 'Type': 'beam', 'PieceMark': 'M432', 'Section': 'L140x12', 'Material': 'A36', 'StartX': -1.2, 'StartY': -1.2, 'StartZ': 0.0, 'EndX': -1.16569, 'EndY': -1.16569, 'EndZ': 1.9}"
00100449,beam,M449,L45x4,A36,0.0,-1.18285,0.95,1.16569,-1.16569,1.9,,"{'ID': '00100433', 'Type': 'beam', 'PieceMark': 'M433', 'Section': 'L140x12', 'Material': 'A36', 'StartX': 1.2, 'StartY': -1.2, 'StartZ': 0.0, 'EndX': 1.16569, 'EndY': -1.16569, 'EndZ': 1.9}"
00100450,beam,M450,L45x4,A36,1.18285,0.0,0.95,1.16569,-1.16569,1.9,,"{'ID': '00100433', 'Type': 'beam', 'PieceMark': 'M433', 'Section': 'L140x12', 'Material': 'A36', 'StartX': 1.2, 'StartY': -1.2, 'StartZ': 0.0, 'EndX': 1.16569, 'EndY': -1.16569, 'EndZ': 1.9}"
00100451,beam,M451,L45x4,A36,1.18285,0.0,0.95,1.16569,1.16569,1.9,,"{'ID': '00100434', 'Type': 'beam', 'PieceMark': 'M434', 'Section': 'L140x12', 'Material': 'A36', 'StartX': 1.2, 'StartY': 1.2, 'StartZ': 0.0, 'EndX': 1.16569, 'EndY': 1.16569, 'EndZ': 1.9}"
00100452,beam,M452,L45x4,A36,0.0,1.18285,0.95,1.16569,1.16569,1.9,,"{'ID': '00100434', 'Type': 'beam', 'PieceMark': 'M434', 'Section': 'L140x12', 'Material': 'A36', 'StartX': 1.2, 'StartY': 1.2, 'StartZ': 0.0, 'EndX': 1.16569, 'EndY': 1.16569, 'EndZ': 1.9}"
00100453,beam,M453,L45x4,A36,0.0,1.18285,0.95,-1.16569,1.16569,1.9,,"{'ID': '00100435', 'Type': 'beam', 'PieceMark': 'M435', 'Section': 'L140x12', 'Material': 'A36', 'StartX': -1.2, 'StartY': 1.2, 'StartZ': 0.0, 'EndX': -1.16569, 'EndY': 1.16569, 'EndZ': 1.9}"
00100454,beam,M454,L45x4,A36,-1.18285,0.0,0.95,-1.16569,1.16569,1.9,,"{'ID': '00100435', 'Type': 'beam', 'PieceMark': 'M435', 'Section': 'L140x12', 'Material': 'A36', 'StartX': -1.2, 'StartY': 1.2, 'StartZ': 0.0, 'EndX': -1.16569, 'EndY': 1.16569, 'EndZ': 1.9}"
00100455,beam,M455,L45x4,A36,-1.18285,0.0,0.95,-1.16569,-1.16569,1.9,,"{'ID': '00100432', 'Type': 'beam', 'PieceMark': 'M432', 'Section': 'L140x12', 'Material': 'A36', 'StartX': -1.2, 'StartY': -1.2, 'StartZ': 0.0, 'EndX': -1.16569, 'EndY': -1.16569, 'EndZ': 1.9}"
