Member A,Class A,Member B,Class B,Volume (m³)
158,horizontal,331,brace,2.447153e-05
168,horizontal,63,leg,N/A
392,brace,399,brace,3.586880e-09
145,horizontal,288,brace,1.083530e-05
220,brace,6,leg,N/A
138,horizontal,39,leg,N/A
392,brace,85,leg,N/A
385,brace,77,leg,N/A
349,brace,66,leg,N/A
297,brace,47,leg,N/A
447,brace,454,brace,2.630846e-06
409,brace,432,brace,1.834698e-07
427,brace,436,brace,5.071470e-09
192,horizontal,193,horizontal,6.399829e-07
47,leg,51,leg,N/A
174,horizontal,177,horizontal,9.112402e-07
323,brace,56,leg,N/A
129,horizontal,30,leg,N/A
212,brace,98,horizontal,6.400172e-07
135,horizontal,32,leg,N/A
449,brace,450,brace,2.919792e-06
2,leg,213,brace,N/A
134,horizontal,265,brace,8.669741e-06
434,brace,86,leg,N/A
81,leg,85,leg,N/A
108,horizontal,6,leg,N/A
427,brace,451,brace,3.917074e-06
377,brace,81,leg,N/A
323,brace,327,brace,1.208448e-05
126,horizontal,22,leg,N/A
118,horizontal,119,horizontal,6.400172e-07
195,horizontal,89,leg,N/A
379,brace,82,leg,N/A
396,brace,420,brace,2.453135e-06
351,brace,72,leg,N/A
412,brace,87,leg,N/A
101,horizontal,214,brace,7.853484e-06
173,horizontal,355,brace,1.198134e-06
127,horizontal,259,brace,6.103299e-07
148,horizontal,45,leg,N/A
222,brace,3,leg,N/A
281,brace,39,leg,N/A
122,horizontal,26,leg,N/A
10,leg,112,horizontal,N/A
419,brace,420,brace,2.295496e-06
147,horizontal,43,leg,N/A
381,brace,79,leg,N/A
290,brace,43,leg,N/A
354,brace,68,leg,N/A
161,horizontal,59,leg,N/A
189,horizontal,398,brace,6.265125e-06
177,horizontal,72,leg,N/A
157,horizontal,55,leg,N/A
376,brace,401,brace,1.514218e-07
427,brace,90,leg,N/A
116,horizontal,233,brace,8.128670e-06
396,brace,403,brace,3.586880e-09
11,leg,113,horizontal,N/A
178,horizontal,179,horizontal,6.400020e-07
18,leg,245,brace,N/A
154,horizontal,48,leg,N/A
127,horizontal,27,leg,N/A
365,brace,373,brace,2.177888e-06
308,brace,312,brace,6.405012e-06
160,horizontal,332,brace,8.994683e-07
413,brace,437,brace,2.976373e-06
128,horizontal,29,leg,N/A
284,brace,38,leg,N/A
186,horizontal,391,brace,6.265128e-06
402,brace,82,leg,N/A
407,brace,84,leg,N/A
156,horizontal,55,leg,N/A
441,brace,93,leg,N/A
156,horizontal,157,horizontal,6.399677e-07
371,brace,70,leg,N/A
2,leg,221,brace,N/A
337,brace,341,brace,1.721091e-05
372,brace,373,brace,2.338093e-06
113,horizontal,12,leg,N/A
250,brace,262,brace,3.808301e-06
327,brace,331,brace,1.192486e-05
201,horizontal,437,brace,3.532980e-07
325,brace,341,brace,1.268725e-05
174,horizontal,72,leg,N/A
224,brace,9,leg,N/A
379,brace,380,brace,2.265752e-06
176,horizontal,70,leg,N/A
341,brace,62,leg,N/A
255,brace,28,leg,N/A
68,leg,72,leg,N/A
409,brace,85,leg,N/A
156,horizontal,54,leg,N/A
415,brace,422,brace,2.180615e-06
405,brace,83,leg,N/A
12,leg,234,brace,N/A
158,horizontal,318,brace,9.329143e-07
405,brace,79,leg,N/A
232,brace,244,brace,3.476685e-06
442,brace,94,leg,N/A
145,horizontal,41,leg,N/A
368,brace,69,leg,N/A
272,brace,33,leg,N/A
108,horizontal,230,brace,6.399562e-07
137,horizontal,38,leg,N/A
215,brace,227,brace,3.274242e-06
423,brace,424,brace,2.972435e-06
130,horizontal,257,brace,7.727927e-06
376,brace,383,brace,3.642665e-09
379,brace,403,brace,2.500207e-06
153,horizontal,156,horizontal,1.545057e-06
432,brace,433,brace,2.688886e-06
268,brace,29,leg,N/A
450,brace,94,leg,N/A
332,brace,54,leg,N/A
21,leg,25,leg,N/A
120,horizontal,121,horizontal,6.400172e-07
104,horizontal,210,brace,6.399562e-07
375,brace,376,brace,2.265752e-06
329,brace,333,brace,1.192487e-05
408,brace,89,leg,N/A
200,horizontal,428,brace,1.186825e-06
177,horizontal,354,brace,2.866600e-05
172,horizontal,66,leg,N/A
300,brace,46,leg,N/A
330,brace,334,brace,1.192486e-05
286,brace,35,leg,N/A
295,brace,311,brace,5.994329e-06
304,brace,41,leg,N/A
381,brace,390,brace,3.653630e-09
333,brace,58,leg,N/A
360,brace,384,brace,2.280361e-06
132,horizontal,133,horizontal,6.399867e-07
157,horizontal,322,brace,1.336540e-05
308,brace,54,leg,N/A
202,horizontal,424,brace,3.696376e-07
100,horizontal,101,horizontal,6.400172e-07
10,leg,229,brace,N/A
303,brace,40,leg,N/A
279,brace,36,leg,N/A
401,brace,402,brace,2.134046e-06
430,brace,454,brace,3.917071e-06
344,brace,66,leg,N/A
404,brace,83,leg,N/A
265,brace,34,leg,N/A
441,brace,449,brace,3.967182e-06
225,brace,229,brace,3.274897e-06
2,leg,6,leg,N/A
129,horizontal,26,leg,N/A
168,horizontal,67,leg,N/A
126,horizontal,27,leg,N/A
404,brace,79,leg,N/A
197,horizontal,429,brace,7.474247e-06
150,horizontal,297,brace,1.308550e-05
179,horizontal,369,brace,4.869261e-06
102,horizontal,4,leg,N/A
5,leg,9,leg,N/A
25,leg,256,brace,N/A
189,horizontal,406,brace,5.854137e-06
202,horizontal,428,brace,3.696390e-07
378,brace,402,brace,2.500191e-06
113,horizontal,238,brace,8.128670e-06
158,horizontal,53,leg,N/A
216,brace,5,leg,N/A
255,brace,267,brace,3.497105e-06
122,horizontal,249,brace,1.104272e-06
154,horizontal,53,leg,N/A
171,horizontal,69,leg,N/A
324,brace,58,leg,N/A
315,brace,319,brace,7.726206e-06
311,brace,49,leg,N/A
188,horizontal,83,leg,N/A
378,brace,379,brace,2.124988e-06
1,leg,220,brace,N/A
425,brace,89,leg,N/A
196,horizontal,197,horizontal,6.400211e-07
191,horizontal,86,leg,N/A
105,horizontal,219,brace,6.399562e-07
142,horizontal,293,brace,1.062984e-05
200,horizontal,429,brace,1.186838e-06
162,horizontal,56,leg,N/A
198,horizontal,432,brace,1.250820e-06
86,leg,90,leg,N/A
217,brace,7,leg,N/A
2,leg,99,horizontal,N/A
125,horizontal,25,leg,N/A
414,brace,88,leg,N/A
400,brace,81,leg,N/A
80,leg,84,leg,N/A
144,horizontal,287,brace,1.083530e-05
14,leg,237,brace,N/A
119,horizontal,241,brace,6.400172e-07
112,horizontal,225,brace,7.851999e-06
112,horizontal,113,horizontal,6.400172e-07
160,horizontal,333,brace,2.447153e-05
421,brace,422,brace,2.295496e-06
279,brace,40,leg,N/A
186,horizontal,81,leg,N/A
177,horizontal,351,brace,1.231559e-06
454,brace,92,leg,N/A
380,brace,388,brace,2.381296e-06
348,brace,66,leg,N/A
411,brace,412,brace,2.298588e-06
418,brace,82,leg,N/A
353,brace,370,brace,5.043994e-07
403,brace,78,leg,N/A
46,leg,50,leg,N/A
135,horizontal,28,leg,N/A
182,horizontal,76,leg,N/A
145,horizontal,304,brace,1.266240e-05
285,brace,39,leg,N/A
107,horizontal,9,leg,N/A
410,brace,411,brace,2.177347e-06
14,leg,233,brace,N/A
199,horizontal,435,brace,1.250816e-06
214,brace,3,leg,N/A
135,horizontal,31,leg,N/A
421,brace,87,leg,N/A
151,horizontal,314,brace,1.134613e-05
131,horizontal,31,leg,N/A
200,horizontal,202,horizontal,1.545103e-06
63,leg,67,leg,N/A
117,horizontal,243,brace,6.400172e-07
219,brace,5,leg,N/A
166,horizontal,169,horizontal,9.112643e-07
363,brace,387,brace,2.280347e-06
189,horizontal,397,brace,6.265128e-06
173,horizontal,346,brace,2.419333e-05
373,brace,75,leg,N/A
120,horizontal,22,leg,N/A
431,brace,88,leg,N/A
197,horizontal,201,horizontal,1.810193e-06
204,horizontal,450,brace,7.142747e-06
174,horizontal,351,brace,2.866600e-05
335,brace,60,leg,N/A
13,leg,236,brace,N/A
31,leg,35,leg,N/A
140,horizontal,279,brace,9.967258e-06
428,brace,435,brace,5.068475e-09
167,horizontal,336,brace,2.200452e-05
196,horizontal,200,horizontal,1.810193e-06
163,horizontal,324,brace,2.508924e-05
132,horizontal,276,brace,6.212534e-07
170,horizontal,69,leg,N/A
171,horizontal,70,leg,N/A
21,leg,247,brace,N/A
181,horizontal,75,leg,N/A
137,horizontal,33,leg,N/A
426,brace,427,brace,2.687450e-06
83,leg,87,leg,N/A
200,horizontal,201,horizontal,6.400111e-07
114,horizontal,13,leg,N/A
265,brace,31,leg,N/A
207,brace,219,brace,3.274235e-06
120,horizontal,241,brace,8.276783e-06
132,horizontal,33,leg,N/A
248,brace,260,brace,3.808301e-06
144,horizontal,147,horizontal,6.399867e-07
352,brace,356,brace,2.327243e-05
175,horizontal,353,brace,1.231559e-06
409,brace,89,leg,N/A
425,brace,426,brace,2.972433e-06
446,brace,453,brace,5.051850e-09
161,horizontal,52,leg,N/A
100,horizontal,97,horizontal,1.545131e-06
76,leg,80,leg,N/A
126,horizontal,26,leg,N/A
16,leg,239,brace,N/A
381,brace,404,brace,1.514331e-07
223,brace,235,brace,3.352943e-06
324,brace,61,leg,N/A
388,brace,79,leg,N/A
288,brace,45,leg,N/A
19,leg,234,brace,N/A
446,brace,454,brace,3.967164e-06
282,brace,294,brace,4.703400e-06
167,horizontal,337,brace,1.239917e-06
116,horizontal,14,leg,N/A
289,brace,42,leg,N/A
136,horizontal,137,horizontal,6.400172e-07
151,horizontal,48,leg,N/A
144,horizontal,288,brace,6.572990e-07
103,horizontal,220,brace,7.851982e-06
22,leg,253,brace,N/A
85,leg,89,leg,N/A
110,horizontal,113,horizontal,6.400172e-07
364,brace,388,brace,2.280361e-06
305,brace,47,leg,N/A
296,brace,300,brace,6.133394e-06
170,horizontal,171,horizontal,9.112402e-07
190,horizontal,416,brace,5.189436e-06
247,brace,251,brace,4.693681e-06
217,brace,229,brace,3.274242e-06
152,horizontal,308,brace,1.280485e-06
147,horizontal,306,brace,1.266240e-05
309,brace,321,brace,7.030904e-06
24,leg,259,brace,N/A
290,brace,306,brace,5.449104e-06
333,brace,55,leg,N/A
362,brace,369,brace,3.729079e-09
375,brace,399,brace,2.500207e-06
197,horizontal,438,brace,6.942797e-06
323,brace,57,leg,N/A
147,horizontal,47,leg,N/A
256,brace,260,brace,3.241216e-06
320,brace,50,leg,N/A
17,leg,232,brace,N/A
290,brace,47,leg,N/A
173,horizontal,343,brace,1.236509e-06
20,leg,24,leg,N/A
201,horizontal,431,brace,1.250816e-06
10,leg,237,brace,N/A
266,brace,28,leg,N/A
146,horizontal,290,brace,6.572990e-07
309,brace,55,leg,N/A
127,horizontal,250,brace,1.037438e-05
225,brace,237,brace,3.352943e-06
0,leg,214,brace,N/A
159,horizontal,316,brace,1.672458e-05
362,brace,386,brace,2.280361e-06
140,horizontal,143,horizontal,6.400172e-07
177,horizontal,373,brace,5.263844e-06
294,brace,43,leg,N/A
15,leg,234,brace,N/A
427,brace,450,brace,2.397049e-07
178,horizontal,368,brace,4.869261e-06
104,horizontal,209,brace,7.852196e-06
401,brace,81,leg,N/A
200,horizontal,438,brace,3.532993e-07
87,leg,91,leg,N/A
175,horizontal,371,brace,1.343790e-06
194,horizontal,424,brace,7.474245e-06
194,horizontal,89,leg,N/A
101,horizontal,97,horizontal,1.545131e-06
269,brace,30,leg,N/A
114,horizontal,232,brace,6.400172e-07
118,horizontal,16,leg,N/A
324,brace,57,leg,N/A
161,horizontal,56,leg,N/A
172,horizontal,346,brace,1.236509e-06
312,brace,49,leg,N/A
159,horizontal,160,horizontal,9.112643e-07
109,horizontal,230,brace,7.851999e-06
123,horizontal,125,horizontal,1.545131e-06
205,horizontal,452,brace,7.142747e-06
411,brace,435,brace,2.976373e-06
317,brace,321,brace,7.726206e-06
152,horizontal,157,horizontal,1.545057e-06
394,brace,401,brace,3.586880e-09
353,brace,371,brace,5.457619e-06
120,horizontal,23,leg,N/A
16,leg,251,brace,N/A
162,horizontal,163,horizontal,9.112015e-07
119,horizontal,253,brace,6.400172e-07
21,leg,240,brace,N/A
142,horizontal,294,brace,6.222347e-07
375,brace,80,leg,N/A
329,brace,58,leg,N/A
136,horizontal,37,leg,N/A
158,horizontal,315,brace,1.672461e-05
102,horizontal,103,horizontal,6.399562e-07
360,brace,73,leg,N/A
331,brace,56,leg,N/A
106,horizontal,109,horizontal,6.400172e-07
125,horizontal,261,brace,6.103299e-07
1,leg,97,horizontal,N/A
122,horizontal,24,leg,N/A
209,brace,3,leg,N/A
82,leg,86,leg,N/A
51,leg,55,leg,N/A
453,brace,454,brace,2.919792e-06
170,horizontal,64,leg,N/A
387,brace,78,leg,N/A
171,horizontal,344,brace,2.419333e-05
412,brace,413,brace,2.177347e-06
374,brace,68,leg,N/A
140,horizontal,292,brace,6.222347e-07
445,brace,454,brace,5.052305e-09
424,brace,432,brace,3.862433e-06
113,horizontal,8,leg,N/A
355,brace,69,leg,N/A
19,leg,241,brace,N/A
116,horizontal,18,leg,N/A
365,brace,75,leg,N/A
398,brace,406,brace,2.618756e-06
169,horizontal,64,leg,N/A
103,horizontal,6,leg,N/A
110,horizontal,224,brace,6.399562e-07
171,horizontal,357,brace,1.198134e-06
0,leg,219,brace,N/A
135,horizontal,278,brace,1.027536e-05
395,brace,86,leg,N/A
167,horizontal,349,brace,1.193025e-06
122,horizontal,126,horizontal,1.545131e-06
126,horizontal,249,brace,1.037438e-05
136,horizontal,272,brace,6.582533e-07
203,horizontal,206,horizontal,6.399839e-07
188,horizontal,404,brace,5.854137e-06
410,brace,434,brace,2.976366e-06
397,brace,420,brace,1.491348e-07
144,horizontal,41,leg,N/A
147,horizontal,287,brace,6.572990e-07
426,brace,90,leg,N/A
205,horizontal,95,leg,N/A
115,horizontal,17,leg,N/A
350,brace,67,leg,N/A
336,brace,62,leg,N/A
384,brace,73,leg,N/A
385,brace,386,brace,2.263015e-06
175,horizontal,368,brace,1.343790e-06
210,brace,3,leg,N/A
346,brace,67,leg,N/A
357,brace,66,leg,N/A
162,horizontal,61,leg,N/A
126,horizontal,250,brace,6.400172e-07
117,horizontal,234,brace,8.128670e-06
325,brace,58,leg,N/A
407,brace,438,brace,1.834698e-07
178,horizontal,72,leg,N/A
391,brace,422,brace,1.491348e-07
417,brace,418,brace,2.295496e-06
165,horizontal,323,brace,9.221391e-07
172,horizontal,357,brace,2.824935e-05
361,brace,369,brace,2.177888e-06
18,leg,253,brace,N/A
341,brace,58,leg,N/A
397,brace,405,brace,2.618787e-06
184,horizontal,388,brace,5.315662e-06
139,horizontal,32,leg,N/A
425,brace,434,brace,5.071470e-09
230,brace,8,leg,N/A
168,horizontal,66,leg,N/A
435,brace,86,leg,N/A
437,brace,91,leg,N/A
197,horizontal,430,brace,7.474245e-06
130,horizontal,270,brace,6.148798e-07
171,horizontal,356,brace,2.824935e-05
16,leg,20,leg,N/A
136,horizontal,36,leg,N/A
396,brace,83,leg,N/A
385,brace,73,leg,N/A
337,brace,63,leg,N/A
171,horizontal,345,brace,1.236509e-06
151,horizontal,51,leg,N/A
377,brace,401,brace,2.500207e-06
218,brace,7,leg,N/A
409,brace,410,brace,2.298588e-06
194,horizontal,202,horizontal,1.280021e-06
274,brace,35,leg,N/A
198,horizontal,424,brace,1.186825e-06
295,brace,49,leg,N/A
134,horizontal,266,brace,6.644370e-07
381,brace,389,brace,2.381277e-06
423,brace,430,brace,2.687449e-06
184,horizontal,185,horizontal,6.400211e-07
223,brace,227,brace,3.274897e-06
90,leg,94,leg,N/A
170,horizontal,344,brace,1.236509e-06
23,leg,254,brace,N/A
292,brace,37,leg,N/A
15,leg,233,brace,N/A
430,brace,438,brace,3.862433e-06
429,brace,91,leg,N/A
383,brace,76,leg,N/A
135,horizontal,263,brace,6.644370e-07
138,horizontal,274,brace,6.582533e-07
151,horizontal,44,leg,N/A
105,horizontal,210,brace,7.852196e-06
359,brace,366,brace,2.334311e-06
149,horizontal,312,brace,1.134613e-05
228,brace,9,leg,N/A
265,brace,269,brace,3.766075e-06
134,horizontal,277,brace,1.027536e-05
344,brace,356,brace,2.111612e-05
434,brace,435,brace,2.688886e-06
361,brace,385,brace,2.280347e-06
184,horizontal,379,brace,5.679253e-06
327,brace,56,leg,N/A
373,brace,374,brace,2.381841e-06
292,brace,41,leg,N/A
352,brace,73,leg,N/A
19,leg,23,leg,N/A
194,horizontal,201,horizontal,1.810193e-06
190,horizontal,191,horizontal,6.399829e-07
133,horizontal,34,leg,N/A
123,horizontal,260,brace,1.000902e-06
162,horizontal,57,leg,N/A
17,leg,21,leg,N/A
170,horizontal,343,brace,2.419333e-05
124,horizontal,125,horizontal,6.400172e-07
132,horizontal,29,leg,N/A
21,leg,248,brace,N/A
371,brace,74,leg,N/A
411,brace,434,brace,1.834698e-07
452,brace,95,leg,N/A
182,horizontal,384,brace,5.315662e-06
144,horizontal,40,leg,N/A
165,horizontal,326,brace,2.508924e-05
144,horizontal,304,brace,6.265995e-07
169,horizontal,335,brace,1.239917e-06
443,brace,451,brace,3.967182e-06
258,brace,270,brace,3.497105e-06
271,brace,275,brace,4.751185e-06
317,brace,59,leg,N/A
181,horizontal,374,brace,4.869261e-06
176,horizontal,74,leg,N/A
0,leg,101,horizontal,N/A
355,brace,64,leg,N/A
141,horizontal,38,leg,N/A
106,horizontal,5,leg,N/A
145,horizontal,46,leg,N/A
161,horizontal,317,brace,9.329143e-07
342,brace,63,leg,N/A
186,horizontal,392,brace,6.265125e-06
276,brace,33,leg,N/A
199,horizontal,427,brace,1.186838e-06
173,horizontal,71,leg,N/A
413,brace,421,brace,2.324582e-06
107,horizontal,108,horizontal,6.400172e-07
29,leg,33,leg,N/A
138,horizontal,273,brace,1.048063e-05
25,leg,268,brace,N/A
203,horizontal,439,brace,7.691083e-06
278,brace,32,leg,N/A
144,horizontal,145,horizontal,6.399867e-07
318,brace,55,leg,N/A
445,brace,95,leg,N/A
170,horizontal,65,leg,N/A
293,brace,43,leg,N/A
367,brace,68,leg,N/A
182,horizontal,183,horizontal,6.400211e-07
17,leg,244,brace,N/A
139,horizontal,286,brace,9.764486e-06
169,horizontal,347,brace,1.193025e-06
304,brace,46,leg,N/A
300,brace,304,brace,6.022320e-06
167,horizontal,62,leg,N/A
14,leg,18,leg,N/A
368,brace,369,brace,2.338093e-06
343,brace,347,brace,1.921706e-05
52,leg,56,leg,N/A
32,leg,36,leg,N/A
391,brace,392,brace,2.135594e-06
281,brace,42,leg,N/A
435,brace,436,brace,2.970799e-06
125,horizontal,248,brace,1.037438e-05
231,brace,243,brace,3.476685e-06
218,brace,222,brace,3.274235e-06
423,brace,432,brace,5.071731e-09
114,horizontal,244,brace,6.400172e-07
199,horizontal,200,horizontal,6.400111e-07
150,horizontal,46,leg,N/A
163,horizontal,62,leg,N/A
227,brace,9,leg,N/A
286,brace,36,leg,N/A
1,leg,5,leg,N/A
170,horizontal,68,leg,N/A
412,brace,420,brace,2.324595e-06
128,horizontal,131,horizontal,6.400172e-07
10,leg,14,leg,N/A
193,horizontal,414,brace,5.540764e-06
386,brace,74,leg,N/A
316,brace,320,brace,7.726206e-06
131,horizontal,24,leg,N/A
123,horizontal,124,horizontal,1.545131e-06
378,brace,386,brace,2.381296e-06
107,horizontal,6,leg,N/A
375,brace,76,leg,N/A
185,horizontal,389,brace,5.315668e-06
116,horizontal,245,brace,8.276783e-06
18,leg,240,brace,N/A
13,leg,17,leg,N/A
4,leg,8,leg,N/A
217,brace,221,brace,3.274235e-06
414,brace,431,brace,1.834685e-07
202,horizontal,432,brace,3.998263e-07
22,leg,248,brace,N/A
302,brace,306,brace,6.022320e-06
407,brace,416,brace,3.673596e-09
10,leg,107,horizontal,N/A
16,leg,243,brace,N/A
166,horizontal,336,brace,1.239917e-06
345,brace,67,leg,N/A
102,horizontal,208,brace,6.399562e-07
302,brace,47,leg,N/A
123,horizontal,21,leg,N/A
200,horizontal,436,brace,1.250820e-06
20,leg,239,brace,N/A
324,brace,328,brace,1.208448e-05
375,brace,383,brace,2.381277e-06
160,horizontal,55,leg,N/A
69,leg,73,leg,N/A
435,brace,90,leg,N/A
102,horizontal,219,brace,7.851982e-06
379,brace,402,brace,1.514347e-07
208,brace,220,brace,3.274235e-06
141,horizontal,292,brace,1.062984e-05
448,brace,93,leg,N/A
138,horizontal,38,leg,N/A
138,horizontal,35,leg,N/A
400,brace,401,brace,1.946219e-06
150,horizontal,50,leg,N/A
143,horizontal,39,leg,N/A
153,horizontal,53,leg,N/A
183,horizontal,184,horizontal,6.400211e-07
120,horizontal,18,leg,N/A
394,brace,82,leg,N/A
449,brace,89,leg,N/A
162,horizontal,323,brace,2.508924e-05
411,brace,420,brace,3.673201e-09
413,brace,436,brace,1.834698e-07
293,brace,42,leg,N/A
129,horizontal,29,leg,N/A
130,horizontal,269,brace,8.473809e-06
224,brace,228,brace,3.274897e-06
111,horizontal,9,leg,N/A
423,brace,88,leg,N/A
121,horizontal,239,brace,6.400172e-07
287,brace,40,leg,N/A
124,horizontal,260,brace,6.103299e-07
160,horizontal,54,leg,N/A
187,horizontal,402,brace,5.854137e-06
168,horizontal,338,brace,1.239917e-06
26,leg,261,brace,N/A
242,brace,254,brace,4.054617e-06
11,leg,112,horizontal,N/A
195,horizontal,433,brace,6.942799e-06
100,horizontal,96,horizontal,1.545131e-06
196,horizontal,91,leg,N/A
169,horizontal,67,leg,N/A
14,leg,232,brace,N/A
129,horizontal,130,horizontal,6.400172e-07
365,brace,374,brace,3.725199e-09
186,horizontal,189,horizontal,6.399829e-07
172,horizontal,71,leg,N/A
1,leg,207,brace,N/A
104,horizontal,221,brace,7.851982e-06
134,horizontal,135,horizontal,6.399867e-07
189,horizontal,405,brace,5.854139e-06
143,horizontal,282,brace,9.967258e-06
258,brace,262,brace,3.241214e-06
335,brace,339,brace,1.721089e-05
424,brace,89,leg,N/A
281,brace,38,leg,N/A
146,horizontal,289,brace,1.083530e-05
413,brace,422,brace,3.673596e-09
96,horizontal,97,horizontal,2.560044e-06
257,brace,261,brace,3.241216e-06
217,brace,6,leg,N/A
104,horizontal,2,leg,N/A
370,brace,74,leg,N/A
124,horizontal,24,leg,N/A
136,horizontal,139,horizontal,6.400172e-07
396,brace,404,brace,2.618756e-06
297,brace,301,brace,6.133394e-06
140,horizontal,41,leg,N/A
405,brace,406,brace,2.134046e-06
102,horizontal,105,horizontal,6.399562e-07
365,brace,389,brace,2.280347e-06
331,brace,57,leg,N/A
413,brace,87,leg,N/A
273,brace,277,brace,4.751185e-06
363,brace,386,brace,1.320182e-07
403,brace,82,leg,N/A
448,brace,449,brace,2.630847e-06
19,leg,246,brace,N/A
0,leg,210,brace,N/A
205,horizontal,444,brace,7.691083e-06
409,brace,418,brace,3.673201e-09
105,horizontal,207,brace,6.399562e-07
154,horizontal,157,horizontal,6.399677e-07
135,horizontal,275,brace,6.212534e-07
111,horizontal,225,brace,6.399562e-07
101,horizontal,96,horizontal,1.545131e-06
436,brace,91,leg,N/A
108,horizontal,217,brace,7.853698e-06
355,brace,68,leg,N/A
191,horizontal,409,brace,5.540765e-06
295,brace,45,leg,N/A
71,leg,75,leg,N/A
308,brace,50,leg,N/A
310,brace,52,leg,N/A
297,brace,46,leg,N/A
199,horizontal,433,brace,3.532980e-07
369,brace,69,leg,N/A
174,horizontal,368,brace,5.263842e-06
443,brace,452,brace,5.052305e-09
125,horizontal,21,leg,N/A
3,leg,7,leg,N/A
140,horizontal,36,leg,N/A
147,horizontal,40,leg,N/A
123,horizontal,127,horizontal,1.545131e-06
204,horizontal,94,leg,N/A
442,brace,443,brace,2.629897e-06
149,horizontal,311,brace,6.995711e-07
338,brace,63,leg,N/A
20,leg,247,brace,N/A
256,brace,26,leg,N/A
394,brace,418,brace,2.453135e-06
280,brace,38,leg,N/A
50,leg,54,leg,N/A
307,brace,319,brace,7.030888e-06
278,brace,31,leg,N/A
183,horizontal,78,leg,N/A
316,brace,53,leg,N/A
359,brace,368,brace,3.725199e-09
137,horizontal,273,brace,6.582533e-07
15,leg,246,brace,N/A
376,brace,400,brace,2.500191e-06
222,brace,4,leg,N/A
124,horizontal,21,leg,N/A
11,leg,229,brace,N/A
361,brace,77,leg,N/A
296,brace,45,leg,N/A
263,brace,28,leg,N/A
273,brace,38,leg,N/A
408,brace,433,brace,1.834685e-07
315,brace,57,leg,N/A
273,brace,35,leg,N/A
166,horizontal,60,leg,N/A
108,horizontal,11,leg,N/A
342,brace,60,leg,N/A
107,horizontal,228,brace,7.851999e-06
446,brace,92,leg,N/A
113,horizontal,235,brace,6.400172e-07
139,horizontal,283,brace,6.197174e-07
276,brace,29,leg,N/A
173,horizontal,358,brace,2.824935e-05
315,brace,331,brace,9.478985e-06
241,brace,245,brace,3.519421e-06
157,horizontal,321,brace,7.040893e-07
371,brace,372,brace,2.381810e-06
383,brace,384,brace,2.263015e-06
381,brace,83,leg,N/A
261,brace,27,leg,N/A
54,leg,58,leg,N/A
307,brace,311,brace,6.405012e-06
203,horizontal,447,brace,7.142746e-06
212,brace,97,horizontal,1.044109e-06
181,horizontal,365,brace,5.188296e-06
26,leg,269,brace,N/A
106,horizontal,216,brace,6.400783e-07
152,horizontal,155,horizontal,1.545057e-06
174,horizontal,175,horizontal,9.112402e-07
234,brace,246,brace,3.476685e-06
175,horizontal,369,brace,5.263844e-06
140,horizontal,40,leg,N/A
125,horizontal,22,leg,N/A
428,brace,453,brace,2.397090e-07
203,horizontal,448,brace,7.142747e-06
129,horizontal,25,leg,N/A
156,horizontal,321,brace,1.336540e-05
340,brace,62,leg,N/A
136,horizontal,271,brace,1.048063e-05
161,horizontal,318,brace,1.672461e-05
143,horizontal,291,brace,6.222347e-07
139,horizontal,271,brace,6.582533e-07
123,horizontal,23,leg,N/A
123,horizontal,27,leg,N/A
122,horizontal,247,brace,1.104272e-06
193,horizontal,422,brace,5.189436e-06
154,horizontal,322,brace,7.040893e-07
121,horizontal,20,leg,N/A
327,brace,57,leg,N/A
210,brace,214,brace,3.274242e-06
194,horizontal,432,brace,6.942797e-06
324,brace,340,brace,1.268725e-05
257,brace,269,brace,3.497105e-06
279,brace,37,leg,N/A
180,horizontal,364,brace,5.188302e-06
290,brace,294,brace,4.941456e-06
398,brace,415,brace,1.491358e-07
432,brace,85,leg,N/A
12,leg,235,brace,N/A
39,leg,43,leg,N/A
288,brace,292,brace,4.941456e-06
110,horizontal,13,leg,N/A
209,brace,213,brace,3.274242e-06
272,brace,276,brace,4.751185e-06
204,horizontal,442,brace,7.691083e-06
89,leg,93,leg,N/A
263,brace,267,brace,3.766075e-06
183,horizontal,385,brace,5.315668e-06
122,horizontal,20,leg,N/A
119,horizontal,21,leg,N/A
359,brace,72,leg,N/A
397,brace,83,leg,N/A
117,horizontal,246,brace,8.276783e-06
171,horizontal,66,leg,N/A
187,horizontal,81,leg,N/A
427,brace,94,leg,N/A
280,brace,292,brace,4.703400e-06
285,brace,38,leg,N/A
13,leg,224,brace,N/A
154,horizontal,307,brace,1.158315e-05
423,brace,447,brace,3.917074e-06
1,leg,208,brace,N/A
120,horizontal,19,leg,N/A
168,horizontal,337,brace,2.200452e-05
131,horizontal,27,leg,N/A
426,brace,434,brace,3.862433e-06
20,leg,250,brace,N/A
441,brace,442,brace,2.921059e-06
141,horizontal,142,horizontal,6.400172e-07
106,horizontal,227,brace,7.851999e-06
22,leg,241,brace,N/A
49,leg,53,leg,N/A
336,brace,61,leg,N/A
265,brace,30,leg,N/A
133,horizontal,33,leg,N/A
103,horizontal,104,horizontal,6.399562e-07
100,horizontal,2,leg,N/A
165,horizontal,63,leg,N/A
114,horizontal,115,horizontal,6.400172e-07
149,horizontal,296,brace,1.308550e-05
104,horizontal,3,leg,N/A
271,brace,283,brace,4.607649e-06
205,horizontal,451,brace,7.142746e-06
33,leg,37,leg,N/A
366,brace,72,leg,N/A
248,brace,252,brace,4.693681e-06
298,brace,47,leg,N/A
131,horizontal,258,brace,7.727927e-06
118,horizontal,239,brace,8.276783e-06
37,leg,41,leg,N/A
114,horizontal,231,brace,8.128670e-06
124,horizontal,127,horizontal,6.400172e-07
322,brace,55,leg,N/A
331,brace,53,leg,N/A
439,brace,447,brace,3.967182e-06
274,brace,32,leg,N/A
180,horizontal,181,horizontal,6.400020e-07
26,leg,260,brace,N/A
282,brace,36,leg,N/A
119,horizontal,22,leg,N/A
350,brace,64,leg,N/A
337,brace,66,leg,N/A
375,brace,384,brace,3.653630e-09
412,brace,437,brace,1.834685e-07
172,horizontal,358,brace,1.198134e-06
346,brace,64,leg,N/A
409,brace,433,brace,2.976373e-06
188,horizontal,395,brace,6.265128e-06
393,brace,417,brace,2.453137e-06
209,brace,221,brace,3.274235e-06
142,horizontal,281,brace,9.967258e-06
354,brace,71,leg,N/A
194,horizontal,195,horizontal,6.400211e-07
415,brace,84,leg,N/A
267,brace,28,leg,N/A
141,horizontal,293,brace,6.222347e-07
185,horizontal,79,leg,N/A
164,horizontal,165,horizontal,9.112015e-07
338,brace,67,leg,N/A
351,brace,374,brace,5.043994e-07
308,brace,320,brace,7.030904e-06
108,horizontal,109,horizontal,6.400172e-07
376,brace,77,leg,N/A
124,horizontal,259,brace,7.536569e-06
25,leg,260,brace,N/A
74,leg,78,leg,N/A
141,horizontal,41,leg,N/A
392,brace,400,brace,2.618756e-06
116,horizontal,15,leg,N/A
395,brace,396,brace,2.135594e-06
133,horizontal,265,brace,6.644370e-07
370,brace,371,brace,2.338093e-06
177,horizontal,374,brace,5.263842e-06
185,horizontal,76,leg,N/A
303,brace,44,leg,N/A
289,brace,43,leg,N/A
0,leg,207,brace,N/A
192,horizontal,419,brace,5.189437e-06
247,brace,259,brace,3.808301e-06
188,horizontal,189,horizontal,6.399829e-07
111,horizontal,236,brace,8.128670e-06
196,horizontal,427,brace,7.474247e-06
179,horizontal,73,leg,N/A
153,horizontal,49,leg,N/A
167,horizontal,168,horizontal,9.112643e-07
301,brace,305,brace,6.022320e-06
148,horizontal,311,brace,1.134613e-05
309,brace,50,leg,N/A
146,horizontal,43,leg,N/A
10,leg,225,brace,N/A
391,brace,415,brace,2.453137e-06
170,horizontal,355,brace,2.824935e-05
357,brace,71,leg,N/A
201,horizontal,423,brace,1.186838e-06
21,leg,251,brace,N/A
315,brace,53,leg,N/A
351,brace,367,brace,5.457619e-06
177,horizontal,68,leg,N/A
201,horizontal,429,brace,3.281039e-07
23,leg,242,brace,N/A
114,horizontal,16,leg,N/A
162,horizontal,340,brace,1.189442e-06
127,horizontal,247,brace,6.400172e-07
61,leg,65,leg,N/A
155,horizontal,156,horizontal,6.399677e-07
200,horizontal,435,brace,3.532980e-07
295,brace,44,leg,N/A
19,leg,245,brace,N/A
128,horizontal,25,leg,N/A
179,horizontal,74,leg,N/A
414,brace,422,brace,2.324595e-06
168,horizontal,349,brace,2.378340e-05
79,leg,83,leg,N/A
205,horizontal,94,leg,N/A
177,horizontal,367,brace,1.343790e-06
174,horizontal,374,brace,1.343790e-06
393,brace,402,brace,3.586753e-09
380,brace,387,brace,3.642665e-09
128,horizontal,255,brace,7.727927e-06
132,horizontal,135,horizontal,6.399867e-07
216,brace,9,leg,N/A
361,brace,384,brace,1.320182e-07
103,horizontal,208,brace,7.852196e-06
313,brace,47,leg,N/A
168,horizontal,350,brace,1.193025e-06
91,leg,95,leg,N/A
209,brace,6,leg,N/A
187,horizontal,393,brace,6.265128e-06
161,horizontal,333,brace,8.994886e-07
104,horizontal,7,leg,N/A
159,horizontal,57,leg,N/A
127,horizontal,20,leg,N/A
166,horizontal,167,horizontal,9.112643e-07
350,brace,63,leg,N/A
429,brace,453,brace,3.917074e-06
202,horizontal,435,brace,3.998264e-07
432,brace,89,leg,N/A
420,brace,421,brace,2.180615e-06
18,leg,241,brace,N/A
442,brace,449,brace,5.051850e-09
232,brace,236,brace,3.433837e-06
201,horizontal,202,horizontal,1.545103e-06
282,brace,286,brace,4.474029e-06
159,horizontal,331,brace,8.994683e-07
17,leg,252,brace,N/A
1,leg,102,horizontal,N/A
441,brace,450,brace,5.052305e-09
410,brace,435,brace,1.834685e-07
422,brace,80,leg,N/A
274,brace,286,brace,4.607649e-06
167,horizontal,61,leg,N/A
185,horizontal,390,brace,5.315662e-06
109,horizontal,11,leg,N/A
174,horizontal,367,brace,5.263844e-06
213,brace,96,horizontal,1.044109e-06
428,brace,91,leg,N/A
365,brace,79,leg,N/A
194,horizontal,198,horizontal,1.810193e-06
392,brace,417,brace,1.491358e-07
182,horizontal,185,horizontal,6.400211e-07
108,horizontal,218,brace,6.400783e-07
18,leg,233,brace,N/A
109,horizontal,215,brace,6.400783e-07
271,brace,33,leg,N/A
150,horizontal,51,leg,N/A
120,horizontal,242,brace,6.400172e-07
358,brace,68,leg,N/A
130,horizontal,30,leg,N/A
418,brace,86,leg,N/A
429,brace,437,brace,3.862435e-06
163,horizontal,61,leg,N/A
0,leg,96,horizontal,N/A
233,brace,237,brace,3.433837e-06
366,brace,374,brace,2.177902e-06
208,brace,5,leg,N/A
23,leg,27,leg,N/A
15,leg,19,leg,N/A
294,brace,40,leg,N/A
398,brace,422,brace,2.453134e-06
220,brace,5,leg,N/A
146,horizontal,42,leg,N/A
347,brace,64,leg,N/A
187,horizontal,394,brace,6.265125e-06
345,brace,70,leg,N/A
218,brace,230,brace,3.274242e-06
301,brace,46,leg,N/A
301,brace,47,leg,N/A
305,brace,46,leg,N/A
227,brace,8,leg,N/A
277,brace,34,leg,N/A
122,horizontal,123,horizontal,2.560044e-06
438,brace,84,leg,N/A
423,brace,431,brace,3.862435e-06
215,brace,8,leg,N/A
281,brace,293,brace,4.703400e-06
128,horizontal,28,leg,N/A
164,horizontal,62,leg,N/A
339,brace,60,leg,N/A
110,horizontal,235,brace,8.128670e-06
143,horizontal,43,leg,N/A
211,brace,96,horizontal,1.044109e-06
195,horizontal,196,horizontal,6.400211e-07
266,brace,31,leg,N/A
100,horizontal,3,leg,N/A
326,brace,342,brace,1.268725e-05
135,horizontal,35,leg,N/A
412,brace,91,leg,N/A
102,horizontal,5,leg,N/A
112,horizontal,237,brace,8.128670e-06
427,brace,435,brace,3.862435e-06
175,horizontal,69,leg,N/A
106,horizontal,107,horizontal,6.400172e-07
134,horizontal,34,leg,N/A
358,brace,67,leg,N/A
443,brace,444,brace,2.921059e-06
226,brace,230,brace,3.274897e-06
109,horizontal,8,leg,N/A
202,horizontal,431,brace,3.998264e-07
190,horizontal,193,horizontal,6.399829e-07
364,brace,371,brace,3.729079e-09
431,brace,84,leg,N/A
198,horizontal,433,brace,1.250816e-06
227,brace,4,leg,N/A
395,brace,82,leg,N/A
175,horizontal,352,brace,2.866600e-05
266,brace,270,brace,3.766075e-06
215,brace,4,leg,N/A
25,leg,29,leg,N/A
273,brace,285,brace,4.607649e-06
429,brace,452,brace,2.397049e-07
149,horizontal,46,leg,N/A
315,brace,52,leg,N/A
196,horizontal,90,leg,N/A
364,brace,372,brace,2.177902e-06
127,horizontal,262,brace,7.536569e-06
115,horizontal,13,leg,N/A
307,brace,49,leg,N/A
103,horizontal,2,leg,N/A
174,horizontal,369,brace,1.343790e-06
163,horizontal,57,leg,N/A
396,brace,397,brace,1.944707e-06
104,horizontal,222,brace,6.399562e-07
191,horizontal,85,leg,N/A
306,brace,44,leg,N/A
206,horizontal,453,brace,7.142746e-06
417,brace,81,leg,N/A
126,horizontal,261,brace,7.536569e-06
398,brace,84,leg,N/A
145,horizontal,42,leg,N/A
192,horizontal,411,brace,5.540765e-06
183,horizontal,77,leg,N/A
289,brace,305,brace,5.449104e-06
27,leg,270,brace,N/A
165,horizontal,60,leg,N/A
376,brace,81,leg,N/A
133,horizontal,29,leg,N/A
183,horizontal,378,brace,5.679235e-06
72,leg,76,leg,N/A
24,leg,255,brace,N/A
201,horizontal,438,brace,1.250820e-06
316,brace,58,leg,N/A
426,brace,451,brace,2.397090e-07
306,brace,43,leg,N/A
84,leg,88,leg,N/A
168,horizontal,62,leg,N/A
117,horizontal,19,leg,N/A
409,brace,417,brace,2.324582e-06
224,brace,236,brace,3.352943e-06
155,horizontal,50,leg,N/A
362,brace,74,leg,N/A
109,horizontal,4,leg,N/A
180,horizontal,74,leg,N/A
152,horizontal,54,leg,N/A
118,horizontal,240,brace,6.400172e-07
288,brace,41,leg,N/A
376,brace,384,brace,2.381296e-06
364,brace,75,leg,N/A
275,brace,33,leg,N/A
407,brace,431,brace,2.976373e-06
144,horizontal,303,brace,1.266240e-05
298,brace,302,brace,6.133394e-06
128,horizontal,267,brace,8.473809e-06
154,horizontal,155,horizontal,6.399677e-07
310,brace,314,brace,6.405012e-06
323,brace,60,leg,N/A
343,brace,64,leg,N/A
367,brace,72,leg,N/A
391,brace,398,brace,1.944710e-06
101,horizontal,3,leg,N/A
354,brace,358,brace,2.327243e-05
186,horizontal,399,brace,5.854139e-06
162,horizontal,324,brace,9.221391e-07
149,horizontal,50,leg,N/A
280,brace,41,leg,N/A
19,leg,242,brace,N/A
108,horizontal,229,brace,7.851999e-06
22,leg,261,brace,N/A
102,horizontal,207,brace,7.852196e-06
203,horizontal,204,horizontal,6.399839e-07
130,horizontal,31,leg,N/A
157,horizontal,52,leg,N/A
318,brace,334,brace,9.478985e-06
375,brace,406,brace,1.514331e-07
420,brace,87,leg,N/A
179,horizontal,361,brace,5.188296e-06
107,horizontal,216,brace,7.853698e-06
118,horizontal,252,brace,6.400172e-07
175,horizontal,70,leg,N/A
26,leg,30,leg,N/A
393,brace,81,leg,N/A
136,horizontal,32,leg,N/A
78,leg,82,leg,N/A
366,brace,373,brace,3.729079e-09
153,horizontal,55,leg,N/A
153,horizontal,157,horizontal,1.545057e-06
363,brace,364,brace,2.385790e-06
311,brace,45,leg,N/A
382,brace,389,brace,3.642665e-09
138,horizontal,286,brace,6.197174e-07
297,brace,51,leg,N/A
159,horizontal,53,leg,N/A
239,brace,243,brace,3.519421e-06
149,horizontal,150,horizontal,6.400172e-07
284,brace,37,leg,N/A
164,horizontal,342,brace,1.189442e-06
314,brace,48,leg,N/A
115,horizontal,232,brace,8.128670e-06
10,leg,108,horizontal,N/A
15,leg,237,brace,N/A
353,brace,70,leg,N/A
137,horizontal,285,brace,6.197174e-07
153,horizontal,309,brace,1.280485e-06
193,horizontal,413,brace,5.540765e-06
395,brace,403,brace,2.618787e-06
345,brace,357,brace,2.111612e-05
172,horizontal,173,horizontal,9.112402e-07
203,horizontal,92,leg,N/A
126,horizontal,262,brace,6.103299e-07
152,horizontal,322,brace,1.266392e-06
134,horizontal,31,leg,N/A
333,brace,59,leg,N/A
347,brace,65,leg,N/A
341,brace,63,leg,N/A
25,leg,259,brace,N/A
184,horizontal,387,brace,5.315668e-06
200,horizontal,430,brace,3.280990e-07
176,horizontal,71,leg,N/A
129,horizontal,256,brace,7.727927e-06
279,brace,283,brace,4.474029e-06
421,brace,83,leg,N/A
24,leg,28,leg,N/A
206,horizontal,446,brace,7.691083e-06
395,brace,418,brace,1.491348e-07
148,horizontal,298,brace,6.527667e-07
406,brace,80,leg,N/A
310,brace,48,leg,N/A
426,brace,94,leg,N/A
0,leg,105,horizontal,N/A
62,leg,66,leg,N/A
361,brace,73,leg,N/A
133,horizontal,30,leg,N/A
349,brace,67,leg,N/A
362,brace,370,brace,2.177902e-06
146,horizontal,306,brace,6.265995e-07
143,horizontal,279,brace,6.597878e-07
191,horizontal,192,horizontal,6.399829e-07
118,horizontal,17,leg,N/A
387,brace,74,leg,N/A
41,leg,45,leg,N/A
295,brace,299,brace,6.133394e-06
408,brace,415,brace,3.676028e-09
146,horizontal,47,leg,N/A
16,leg,246,brace,N/A
169,horizontal,63,leg,N/A
105,horizontal,3,leg,N/A
369,brace,73,leg,N/A
137,horizontal,37,leg,N/A
325,brace,329,brace,1.208448e-05
346,brace,71,leg,N/A
38,leg,42,leg,N/A
354,brace,372,brace,5.043994e-07
256,brace,29,leg,N/A
288,brace,304,brace,5.449104e-06
152,horizontal,153,horizontal,2.559976e-06
258,brace,31,leg,N/A
394,brace,402,brace,2.618756e-06
380,brace,381,brace,2.124988e-06
185,horizontal,381,brace,5.679253e-06
391,brace,84,leg,N/A
380,brace,405,brace,1.514218e-07
399,brace,76,leg,N/A
389,brace,75,leg,N/A
382,brace,399,brace,1.514218e-07
24,leg,247,brace,N/A
10,leg,111,horizontal,N/A
10,leg,6,leg,N/A
346,brace,350,brace,1.921706e-05
340,brace,61,leg,N/A
151,horizontal,313,brace,6.995711e-07
266,brace,278,brace,4.228889e-06
386,brace,78,leg,N/A
236,brace,9,leg,N/A
451,brace,90,leg,N/A
216,brace,220,brace,3.274235e-06
170,horizontal,356,brace,1.198134e-06
137,horizontal,272,brace,1.048063e-05
423,brace,92,leg,N/A
354,brace,75,leg,N/A
148,horizontal,49,leg,N/A
453,brace,95,leg,N/A
418,brace,419,brace,2.180615e-06
45,leg,49,leg,N/A
12,leg,16,leg,N/A
15,leg,226,brace,N/A
287,brace,41,leg,N/A
436,brace,437,brace,2.688886e-06
24,leg,267,brace,N/A
178,horizontal,181,horizontal,6.400020e-07
392,brace,81,leg,N/A
187,horizontal,401,brace,5.854139e-06
250,brace,27,leg,N/A
407,brace,414,brace,2.177345e-06
194,horizontal,431,brace,6.942799e-06
98,horizontal,99,horizontal,6.400172e-07
203,horizontal,440,brace,7.691083e-06
190,horizontal,407,brace,5.540765e-06
40,leg,44,leg,N/A
132,horizontal,32,leg,N/A
263,brace,32,leg,N/A
23,leg,249,brace,N/A
382,brace,80,leg,N/A
21,leg,260,brace,N/A
36,leg,40,leg,N/A
437,brace,438,brace,2.970799e-06
319,brace,53,leg,N/A
119,horizontal,18,leg,N/A
343,brace,65,leg,N/A
197,horizontal,200,horizontal,1.810193e-06
196,horizontal,428,brace,7.474245e-06
23,leg,250,brace,N/A
107,horizontal,217,brace,6.400783e-07
123,horizontal,126,horizontal,1.545131e-06
144,horizontal,44,leg,N/A
202,horizontal,427,brace,3.696394e-07
190,horizontal,408,brace,5.540764e-06
128,horizontal,129,horizontal,6.400172e-07
155,horizontal,320,brace,1.336540e-05
378,brace,78,leg,N/A
138,horizontal,139,horizontal,6.400172e-07
240,brace,244,brace,3.519421e-06
379,brace,388,brace,3.653630e-09
56,leg,60,leg,N/A
153,horizontal,307,brace,1.280485e-06
114,horizontal,12,leg,N/A
163,horizontal,341,brace,1.189442e-06
162,horizontal,60,leg,N/A
449,brace,93,leg,N/A
136,horizontal,284,brace,6.197174e-07
340,brace,57,leg,N/A
316,brace,54,leg,N/A
1,leg,212,brace,N/A
377,brace,77,leg,N/A
60,leg,64,leg,N/A
377,brace,378,brace,2.265752e-06
429,brace,438,brace,5.071731e-09
162,horizontal,165,horizontal,9.112015e-07
410,brace,418,brace,2.324595e-06
452,brace,91,leg,N/A
129,horizontal,257,brace,6.688706e-07
105,horizontal,7,leg,N/A
351,brace,69,leg,N/A
106,horizontal,9,leg,N/A
248,brace,25,leg,N/A
119,horizontal,252,brace,1.037438e-05
157,horizontal,310,brace,1.158315e-05
348,brace,61,leg,N/A
112,horizontal,14,leg,N/A
57,leg,61,leg,N/A
195,horizontal,90,leg,N/A
368,brace,73,leg,N/A
343,brace,68,leg,N/A
336,brace,348,brace,1.818739e-05
443,brace,94,leg,N/A
152,horizontal,154,horizontal,1.545057e-06
447,brace,88,leg,N/A
176,horizontal,370,brace,1.343790e-06
197,horizontal,88,leg,N/A
178,horizontal,367,brace,4.869261e-06
216,brace,6,leg,N/A
390,brace,72,leg,N/A
125,horizontal,260,brace,7.536569e-06
11,leg,218,brace,N/A
230,brace,7,leg,N/A
440,brace,441,brace,2.629897e-06
310,brace,51,leg,N/A
13,leg,232,brace,N/A
347,brace,60,leg,N/A
11,leg,7,leg,N/A
393,brace,394,brace,2.135594e-06
359,brace,76,leg,N/A
128,horizontal,256,brace,6.688706e-07
314,brace,44,leg,N/A
166,horizontal,61,leg,N/A
373,brace,71,leg,N/A
2,leg,96,horizontal,N/A
221,brace,7,leg,N/A
195,horizontal,425,brace,7.474247e-06
134,horizontal,278,brace,6.212534e-07
121,horizontal,23,leg,N/A
393,brace,85,leg,N/A
24,leg,262,brace,N/A
308,brace,49,leg,N/A
159,horizontal,315,brace,9.329143e-07
433,brace,85,leg,N/A
196,horizontal,202,horizontal,1.280021e-06
359,brace,383,brace,2.280347e-06
180,horizontal,372,brace,4.869261e-06
142,horizontal,39,leg,N/A
174,horizontal,69,leg,N/A
414,brace,438,brace,2.976366e-06
146,horizontal,147,horizontal,6.399867e-07
306,brace,47,leg,N/A
193,horizontal,421,brace,5.189437e-06
336,brace,340,brace,1.721091e-05
198,horizontal,431,brace,3.532980e-07
133,horizontal,277,brace,6.212534e-07
161,horizontal,55,leg,N/A
174,horizontal,352,brace,1.231559e-06
96,horizontal,98,horizontal,1.545131e-06
320,brace,53,leg,N/A
140,horizontal,37,leg,N/A
366,brace,76,leg,N/A
150,horizontal,151,horizontal,6.400172e-07
291,brace,41,leg,N/A
296,brace,312,brace,5.994329e-06
153,horizontal,51,leg,N/A
10,leg,228,brace,N/A
416,brace,417,brace,2.180615e-06
66,leg,70,leg,N/A
307,brace,48,leg,N/A
249,brace,253,brace,4.693681e-06
242,brace,246,brace,3.519421e-06
444,brace,452,brace,3.967164e-06
101,horizontal,211,brace,6.400172e-07
163,horizontal,164,horizontal,9.112015e-07
156,horizontal,50,leg,N/A
283,brace,36,leg,N/A
116,horizontal,234,brace,6.400172e-07
424,brace,448,brace,3.917071e-06
360,brace,77,leg,N/A
192,horizontal,86,leg,N/A
125,horizontal,126,horizontal,6.400172e-07
345,brace,349,brace,1.921706e-05
366,brace,383,brace,1.320141e-07
117,horizontal,15,leg,N/A
155,horizontal,319,brace,7.040893e-07
329,brace,59,leg,N/A
142,horizontal,282,brace,6.597878e-07
287,brace,44,leg,N/A
440,brace,447,brace,5.051850e-09
337,brace,349,brace,1.818739e-05
403,brace,404,brace,2.134046e-06
397,brace,406,brace,3.586753e-09
406,brace,76,leg,N/A
387,brace,388,brace,2.263015e-06
213,brace,3,leg,N/A
137,horizontal,284,brace,9.764486e-06
176,horizontal,353,brace,2.866600e-05
364,brace,389,brace,1.320141e-07
303,brace,45,leg,N/A
130,horizontal,131,horizontal,6.400172e-07
431,brace,438,brace,2.688886e-06
20,leg,251,brace,N/A
451,brace,452,brace,2.919792e-06
359,brace,390,brace,1.320182e-07
255,brace,259,brace,3.241214e-06
426,brace,450,brace,3.917071e-06
140,horizontal,280,brace,6.597878e-07
448,brace,89,leg,N/A
319,brace,52,leg,N/A
103,horizontal,5,leg,N/A
383,brace,72,leg,N/A
415,brace,416,brace,2.295496e-06
184,horizontal,380,brace,5.679235e-06
440,brace,448,brace,3.967164e-06
291,brace,36,leg,N/A
105,horizontal,222,brace,7.851982e-06
1,leg,211,brace,N/A
17,leg,239,brace,N/A
203,horizontal,93,leg,N/A
407,brace,88,leg,N/A
299,brace,44,leg,N/A
317,brace,333,brace,9.478985e-06
191,horizontal,410,brace,5.540764e-06
169,horizontal,60,leg,N/A
199,horizontal,425,brace,3.281039e-07
360,brace,368,brace,2.177902e-06
384,brace,77,leg,N/A
182,horizontal,375,brace,5.679253e-06
121,horizontal,251,brace,6.400172e-07
155,horizontal,53,leg,N/A
2,leg,208,brace,N/A
205,horizontal,206,horizontal,6.399839e-07
160,horizontal,316,brace,9.329143e-07
279,brace,291,brace,4.703400e-06
12,leg,223,brace,N/A
163,horizontal,325,brace,9.221391e-07
293,brace,38,leg,N/A
104,horizontal,6,leg,N/A
290,brace,40,leg,N/A
316,brace,332,brace,9.478985e-06
444,brace,95,leg,N/A
366,brace,390,brace,2.280361e-06
115,horizontal,233,brace,6.400172e-07
169,horizontal,350,brace,2.378340e-05
145,horizontal,289,brace,6.572990e-07
194,horizontal,197,horizontal,6.400211e-07
167,horizontal,348,brace,2.378340e-05
363,brace,74,leg,N/A
328,brace,58,leg,N/A
292,brace,42,leg,N/A
178,horizontal,73,leg,N/A
231,brace,235,brace,3.433837e-06
14,leg,245,brace,N/A
160,horizontal,59,leg,N/A
132,horizontal,28,leg,N/A
196,horizontal,199,horizontal,1.810193e-06
400,brace,77,leg,N/A
103,horizontal,209,brace,6.399562e-07
145,horizontal,45,leg,N/A
352,brace,69,leg,N/A
430,brace,88,leg,N/A
136,horizontal,283,brace,9.764486e-06
139,horizontal,35,leg,N/A
291,brace,40,leg,N/A
151,horizontal,47,leg,N/A
176,horizontal,371,brace,5.263844e-06
148,horizontal,314,brace,6.995711e-07
181,horizontal,366,brace,5.188302e-06
382,brace,76,leg,N/A
13,leg,235,brace,N/A
289,brace,293,brace,4.941456e-06
197,horizontal,437,brace,6.942799e-06
116,horizontal,117,horizontal,6.400172e-07
100,horizontal,213,brace,7.853484e-06
176,horizontal,372,brace,5.263842e-06
423,brace,454,brace,2.397049e-07
419,brace,86,leg,N/A
20,leg,254,brace,N/A
156,horizontal,308,brace,7.398971e-07
304,brace,45,leg,N/A
307,brace,53,leg,N/A
88,leg,92,leg,N/A
216,brace,228,brace,3.274242e-06
147,horizontal,44,leg,N/A
450,brace,451,brace,2.630847e-06
117,horizontal,231,brace,6.400172e-07
264,brace,30,leg,N/A
249,brace,261,brace,3.808301e-06
396,brace,421,brace,1.491358e-07
165,horizontal,339,brace,1.189442e-06
183,horizontal,386,brace,5.315662e-06
425,brace,433,brace,3.862435e-06
159,horizontal,58,leg,N/A
204,horizontal,441,brace,7.691083e-06
219,brace,4,leg,N/A
111,horizontal,224,brace,7.851999e-06
200,horizontal,437,brace,1.250816e-06
187,horizontal,82,leg,N/A
152,horizontal,156,horizontal,1.545057e-06
14,leg,225,brace,N/A
204,horizontal,93,leg,N/A
121,horizontal,254,brace,1.037438e-05
372,brace,71,leg,N/A
342,brace,59,leg,N/A
163,horizontal,340,brace,2.159841e-05
353,brace,71,leg,N/A
11,leg,225,brace,N/A
215,brace,219,brace,3.274235e-06
176,horizontal,75,leg,N/A
433,brace,89,leg,N/A
414,brace,421,brace,3.676028e-09
375,brace,382,brace,2.124988e-06
321,brace,51,leg,N/A
127,horizontal,23,leg,N/A
193,horizontal,87,leg,N/A
323,brace,339,brace,1.268725e-05
157,horizontal,309,brace,7.398971e-07
179,horizontal,362,brace,5.188302e-06
450,brace,90,leg,N/A
386,brace,387,brace,2.127937e-06
123,horizontal,25,leg,N/A
335,brace,347,brace,1.818739e-05
411,brace,90,leg,N/A
73,leg,77,leg,N/A
175,horizontal,73,leg,N/A
226,brace,238,brace,3.352943e-06
129,horizontal,268,brace,8.473809e-06
352,brace,368,brace,5.043994e-07
337,brace,62,leg,N/A
447,brace,448,brace,2.919792e-06
148,horizontal,48,leg,N/A
149,horizontal,295,brace,6.527667e-07
326,brace,59,leg,N/A
325,brace,62,leg,N/A
412,brace,419,brace,3.676028e-09
352,brace,70,leg,N/A
382,brace,390,brace,2.381296e-06
335,brace,61,leg,N/A
156,horizontal,309,brace,1.158315e-05
176,horizontal,177,horizontal,9.112402e-07
336,brace,65,leg,N/A
126,horizontal,127,horizontal,6.400172e-07
425,brace,93,leg,N/A
207,brace,211,brace,3.274242e-06
13,leg,244,brace,N/A
133,horizontal,276,brace,1.027536e-05
233,brace,245,brace,3.476685e-06
153,horizontal,155,horizontal,1.545057e-06
175,horizontal,74,leg,N/A
206,horizontal,92,leg,N/A
117,horizontal,16,leg,N/A
122,horizontal,261,brace,1.000902e-06
407,brace,408,brace,2.298588e-06
111,horizontal,237,brace,6.400172e-07
332,brace,57,leg,N/A
139,horizontal,39,leg,N/A
264,brace,268,brace,3.766075e-06
156,horizontal,320,brace,7.040893e-07
205,horizontal,443,brace,7.691083e-06
319,brace,49,leg,N/A
393,brace,401,brace,2.618787e-06
424,brace,431,brace,5.068475e-09
278,brace,35,leg,N/A
140,horizontal,141,horizontal,6.400172e-07
194,horizontal,88,leg,N/A
132,horizontal,264,brace,6.644370e-07
121,horizontal,16,leg,N/A
193,horizontal,84,leg,N/A
192,horizontal,87,leg,N/A
189,horizontal,80,leg,N/A
353,brace,74,leg,N/A
334,brace,59,leg,N/A
195,horizontal,426,brace,7.474245e-06
201,horizontal,424,brace,3.280990e-07
184,horizontal,78,leg,N/A
199,horizontal,428,brace,3.280990e-07
437,brace,87,leg,N/A
275,brace,28,leg,N/A
131,horizontal,255,brace,6.688706e-07
305,brace,42,leg,N/A
345,brace,66,leg,N/A
204,horizontal,449,brace,7.142746e-06
154,horizontal,319,brace,1.336540e-05
411,brace,419,brace,2.324582e-06
398,brace,405,brace,3.586880e-09
157,horizontal,48,leg,N/A
428,brace,452,brace,3.917071e-06
141,horizontal,37,leg,N/A
141,horizontal,281,brace,6.597878e-07
107,horizontal,5,leg,N/A
439,brace,448,brace,5.052305e-09
439,brace,446,brace,2.629892e-06
28,leg,32,leg,N/A
380,brace,83,leg,N/A
222,brace,7,leg,N/A
109,horizontal,227,brace,6.399562e-07
380,brace,79,leg,N/A
97,horizontal,99,horizontal,1.545131e-06
136,horizontal,33,leg,N/A
318,brace,52,leg,N/A
415,brace,80,leg,N/A
365,brace,366,brace,2.385790e-06
401,brace,77,leg,N/A
178,horizontal,359,brace,5.188296e-06
152,horizontal,310,brace,1.280485e-06
444,brace,445,brace,2.629897e-06
276,brace,34,leg,N/A
364,brace,365,brace,2.334321e-06
126,horizontal,23,leg,N/A
163,horizontal,58,leg,N/A
214,brace,97,horizontal,1.044109e-06
147,horizontal,290,brace,1.083530e-05
351,brace,68,leg,N/A
425,brace,448,brace,2.397049e-07
402,brace,403,brace,1.946219e-06
431,brace,432,brace,2.970799e-06
354,brace,373,brace,5.457619e-06
328,brace,57,leg,N/A
425,brace,449,brace,3.917074e-06
430,brace,437,brace,5.068475e-09
239,brace,251,brace,4.054617e-06
339,brace,61,leg,N/A
16,leg,242,brace,N/A
141,horizontal,280,brace,9.967258e-06
223,brace,9,leg,N/A
65,leg,69,leg,N/A
97,horizontal,98,horizontal,1.545131e-06
416,brace,81,leg,N/A
18,leg,244,brace,N/A
175,horizontal,370,brace,5.263842e-06
262,brace,27,leg,N/A
164,horizontal,59,leg,N/A
428,brace,95,leg,N/A
64,leg,68,leg,N/A
18,leg,22,leg,N/A
434,brace,90,leg,N/A
394,brace,419,brace,1.491358e-07
17,leg,240,brace,N/A
138,horizontal,285,brace,9.764486e-06
30,leg,34,leg,N/A
197,horizontal,91,leg,N/A
396,brace,87,leg,N/A
438,brace,88,leg,N/A
428,brace,429,brace,2.687449e-06
122,horizontal,125,horizontal,1.545131e-06
343,brace,355,brace,2.111612e-05
173,horizontal,64,leg,N/A
199,horizontal,426,brace,1.186825e-06
100,horizontal,99,horizontal,6.400172e-07
202,horizontal,423,brace,3.696409e-07
118,horizontal,251,brace,1.037438e-05
143,horizontal,36,leg,N/A
124,horizontal,25,leg,N/A
152,horizontal,50,leg,N/A
191,horizontal,418,brace,5.189436e-06
131,horizontal,28,leg,N/A
11,leg,238,brace,N/A
284,brace,33,leg,N/A
178,horizontal,360,brace,5.188302e-06
430,brace,447,brace,2.397099e-07
199,horizontal,202,horizontal,1.545103e-06
110,horizontal,223,brace,7.851999e-06
344,brace,69,leg,N/A
338,brace,60,leg,N/A
115,horizontal,14,leg,N/A
77,leg,81,leg,N/A
113,horizontal,226,brace,7.851999e-06
374,brace,72,leg,N/A
12,leg,238,brace,N/A
174,horizontal,68,leg,N/A
135,horizontal,266,brace,8.669741e-06
167,horizontal,65,leg,N/A
190,horizontal,415,brace,5.189437e-06
110,horizontal,9,leg,N/A
268,brace,30,leg,N/A
318,brace,56,leg,N/A
0,leg,211,brace,N/A
107,horizontal,229,brace,6.399562e-07
182,horizontal,383,brace,5.315668e-06
338,brace,350,brace,1.818739e-05
286,brace,39,leg,N/A
363,brace,371,brace,2.177888e-06
322,brace,48,leg,N/A
360,brace,367,brace,3.729079e-09
195,horizontal,199,horizontal,1.810193e-06
106,horizontal,215,brace,7.853698e-06
326,brace,330,brace,1.208448e-05
410,brace,417,brace,3.676028e-09
281,brace,285,brace,4.474023e-06
162,horizontal,339,brace,2.159841e-05
128,horizontal,268,brace,6.148798e-07
192,horizontal,412,brace,5.540764e-06
131,horizontal,270,brace,8.473809e-06
159,horizontal,54,leg,N/A
413,brace,91,leg,N/A
370,brace,70,leg,N/A
377,brace,386,brace,3.653630e-09
364,brace,79,leg,N/A
399,brace,80,leg,N/A
363,brace,372,brace,3.725199e-09
282,brace,43,leg,N/A
427,brace,428,brace,2.972433e-06
188,horizontal,396,brace,6.265125e-06
132,horizontal,263,brace,8.669741e-06
176,horizontal,354,brace,1.231559e-06
344,brace,348,brace,1.921706e-05
108,horizontal,7,leg,N/A
158,horizontal,159,horizontal,9.112643e-07
240,brace,252,brace,4.054617e-06
143,horizontal,40,leg,N/A
359,brace,367,brace,2.177888e-06
422,brace,84,leg,N/A
313,brace,50,leg,N/A
379,brace,78,leg,N/A
14,leg,236,brace,N/A
148,horizontal,44,leg,N/A
11,leg,226,brace,N/A
381,brace,382,brace,2.265752e-06
208,brace,212,brace,3.274242e-06
277,brace,30,leg,N/A
10,leg,224,brace,N/A
414,brace,84,leg,N/A
196,horizontal,436,brace,6.942797e-06
155,horizontal,49,leg,N/A
195,horizontal,434,brace,6.942797e-06
148,horizontal,295,brace,1.308550e-05
118,horizontal,20,leg,N/A
113,horizontal,15,leg,N/A
125,horizontal,26,leg,N/A
377,brace,385,brace,2.381277e-06
17,leg,243,brace,N/A
172,horizontal,70,leg,N/A
362,brace,78,leg,N/A
130,horizontal,27,leg,N/A
115,horizontal,116,horizontal,6.400172e-07
179,horizontal,370,brace,4.869261e-06
131,horizontal,267,brace,6.148798e-07
157,horizontal,51,leg,N/A
367,brace,368,brace,2.381841e-06
265,brace,277,brace,4.228889e-06
53,leg,57,leg,N/A
75,leg,79,leg,N/A
164,horizontal,341,brace,2.159841e-05
182,horizontal,77,leg,N/A
134,horizontal,30,leg,N/A
399,brace,406,brace,1.946220e-06
378,brace,82,leg,N/A
106,horizontal,8,leg,N/A
226,brace,8,leg,N/A
144,horizontal,45,leg,N/A
149,horizontal,49,leg,N/A
164,horizontal,326,brace,9.221391e-07
365,brace,388,brace,1.320182e-07
189,horizontal,83,leg,N/A
218,brace,4,leg,N/A
1,leg,99,horizontal,N/A
101,horizontal,98,horizontal,6.400172e-07
123,horizontal,250,brace,1.104272e-06
130,horizontal,258,brace,6.688706e-07
177,horizontal,71,leg,N/A
158,horizontal,52,leg,N/A
156,horizontal,51,leg,N/A
198,horizontal,425,brace,1.186838e-06
402,brace,78,leg,N/A
114,horizontal,243,brace,8.276783e-06
454,brace,88,leg,N/A
408,brace,409,brace,2.177344e-06
272,brace,37,leg,N/A
154,horizontal,52,leg,N/A
395,brace,404,brace,3.586753e-09
433,brace,434,brace,2.970799e-06
103,horizontal,221,brace,6.399562e-07
302,brace,44,leg,N/A
150,horizontal,313,brace,1.134613e-05
115,horizontal,18,leg,N/A
114,horizontal,17,leg,N/A
151,horizontal,297,brace,6.527667e-07
22,leg,26,leg,N/A
27,leg,31,leg,N/A
142,horizontal,43,leg,N/A
298,brace,314,brace,5.994329e-06
11,leg,15,leg,N/A
116,horizontal,246,brace,6.400172e-07
361,brace,362,brace,2.385790e-06
106,horizontal,4,leg,N/A
123,horizontal,262,brace,1.000902e-06
442,brace,450,brace,3.967164e-06
124,horizontal,247,brace,1.037438e-05
143,horizontal,294,brace,1.062984e-05
1,leg,98,horizontal,N/A
300,brace,45,leg,N/A
166,horizontal,348,brace,1.193025e-06
398,brace,80,leg,N/A
452,brace,453,brace,2.630847e-06
328,brace,332,brace,1.192487e-05
70,leg,74,leg,N/A
334,brace,52,leg,N/A
394,brace,395,brace,1.944707e-06
389,brace,79,leg,N/A
112,horizontal,238,brace,6.400172e-07
129,horizontal,269,brace,6.148798e-07
146,horizontal,305,brace,1.266240e-05
206,horizontal,454,brace,7.142747e-06
150,horizontal,296,brace,6.527667e-07
111,horizontal,14,leg,N/A
280,brace,37,leg,N/A
221,brace,6,leg,N/A
199,horizontal,434,brace,1.250820e-06
258,brace,27,leg,N/A
121,horizontal,19,leg,N/A
381,brace,405,brace,2.500207e-06
181,horizontal,72,leg,N/A
23,leg,253,brace,N/A
24,leg,258,brace,N/A
184,horizontal,79,leg,N/A
445,brace,453,brace,3.967182e-06
124,horizontal,20,leg,N/A
241,brace,253,brace,4.054617e-06
317,brace,55,leg,N/A
44,leg,48,leg,N/A
110,horizontal,12,leg,N/A
380,brace,404,brace,2.500191e-06
169,horizontal,338,brace,2.200452e-05
160,horizontal,161,horizontal,9.112643e-07
312,brace,46,leg,N/A
390,brace,76,leg,N/A
174,horizontal,73,leg,N/A
106,horizontal,228,brace,6.399562e-07
358,brace,71,leg,N/A
360,brace,385,brace,1.320141e-07
429,brace,95,leg,N/A
153,horizontal,321,brace,1.266393e-06
330,brace,59,leg,N/A
416,brace,85,leg,N/A
399,brace,400,brace,2.134046e-06
326,brace,56,leg,N/A
158,horizontal,56,leg,N/A
152,horizontal,320,brace,1.266393e-06
138,horizontal,34,leg,N/A
377,brace,400,brace,1.514347e-07
378,brace,403,brace,1.514218e-07
13,leg,231,brace,N/A
185,horizontal,382,brace,5.679235e-06
159,horizontal,332,brace,2.447153e-05
165,horizontal,59,leg,N/A
388,brace,75,leg,N/A
21,leg,252,brace,N/A
298,brace,48,leg,N/A
173,horizontal,68,leg,N/A
317,brace,54,leg,N/A
112,horizontal,226,brace,6.399562e-07
436,brace,87,leg,N/A
130,horizontal,26,leg,N/A
194,horizontal,423,brace,7.474247e-06
264,brace,276,brace,4.228889e-06
228,brace,5,leg,N/A
372,brace,75,leg,N/A
16,leg,231,brace,N/A
287,brace,291,brace,4.941456e-06
391,brace,399,brace,2.618787e-06
188,horizontal,82,leg,N/A
125,horizontal,249,brace,6.400172e-07
141,horizontal,42,leg,N/A
142,horizontal,42,leg,N/A
266,brace,35,leg,N/A
145,horizontal,305,brace,6.265995e-07
168,horizontal,169,horizontal,9.112643e-07
356,brace,69,leg,N/A
264,brace,33,leg,N/A
171,horizontal,172,horizontal,9.112402e-07
59,leg,63,leg,N/A
397,brace,421,brace,2.453137e-06
384,brace,385,brace,2.127937e-06
334,brace,56,leg,N/A
122,horizontal,124,horizontal,1.545131e-06
166,horizontal,64,leg,N/A
257,brace,30,leg,N/A
312,brace,50,leg,N/A
444,brace,451,brace,5.051850e-09
2,leg,212,brace,N/A
186,horizontal,80,leg,N/A
120,horizontal,253,brace,1.037438e-05
160,horizontal,58,leg,N/A
43,leg,47,leg,N/A
12,leg,231,brace,N/A
389,brace,390,brace,2.263015e-06
352,brace,369,brace,5.457619e-06
123,horizontal,248,brace,1.104272e-06
139,horizontal,36,leg,N/A
289,brace,46,leg,N/A
152,horizontal,48,leg,N/A
105,horizontal,4,leg,N/A
12,leg,8,leg,N/A
10,leg,217,brace,N/A
310,brace,322,brace,7.030888e-06
11,leg,230,brace,N/A
164,horizontal,325,brace,2.508924e-05
146,horizontal,46,leg,N/A
171,horizontal,65,leg,N/A
413,brace,414,brace,2.298588e-06
22,leg,249,brace,N/A
376,brace,377,brace,2.124988e-06
15,leg,238,brace,N/A
299,brace,45,leg,N/A
117,horizontal,12,leg,N/A
176,horizontal,373,brace,1.343790e-06
55,leg,59,leg,N/A
173,horizontal,67,leg,N/A
426,brace,433,brace,5.068475e-09
155,horizontal,308,brace,1.158315e-05
257,brace,27,leg,N/A
190,horizontal,85,leg,N/A
393,brace,416,brace,1.491348e-07
272,brace,34,leg,N/A
201,horizontal,430,brace,1.186825e-06
320,brace,54,leg,N/A
112,horizontal,15,leg,N/A
445,brace,446,brace,2.921059e-06
447,brace,92,leg,N/A
391,brace,80,leg,N/A
158,horizontal,161,horizontal,9.112643e-07
297,brace,313,brace,5.994329e-06
160,horizontal,317,brace,1.672458e-05
170,horizontal,173,horizontal,9.112402e-07
269,brace,31,leg,N/A
111,horizontal,13,leg,N/A
172,horizontal,345,brace,2.419333e-05
404,brace,405,brace,1.946219e-06
154,horizontal,49,leg,N/A
182,horizontal,376,brace,5.679235e-06
235,brace,8,leg,N/A
311,brace,48,leg,N/A
2,leg,209,brace,N/A
234,brace,238,brace,3.433837e-06
322,brace,52,leg,N/A
338,brace,342,brace,1.721089e-05
287,brace,303,brace,5.449104e-06
25,leg,255,brace,N/A
109,horizontal,218,brace,7.853698e-06
132,horizontal,275,brace,1.027536e-05
263,brace,275,brace,4.228889e-06
154,horizontal,310,brace,7.398971e-07
344,brace,65,leg,N/A
263,brace,29,leg,N/A
206,horizontal,95,leg,N/A
22,leg,252,brace,N/A
109,horizontal,7,leg,N/A
0,leg,102,horizontal,N/A
356,brace,70,leg,N/A
200,horizontal,427,brace,3.281039e-07
122,horizontal,22,leg,N/A
190,horizontal,84,leg,N/A
215,brace,5,leg,N/A
188,horizontal,403,brace,5.854139e-06
277,brace,35,leg,N/A
407,brace,415,brace,2.324582e-06
198,horizontal,423,brace,3.281039e-07
115,horizontal,245,brace,6.400172e-07
296,brace,46,leg,N/A
272,brace,284,brace,4.607649e-06
424,brace,425,brace,2.687449e-06
274,brace,278,brace,4.751185e-06
161,horizontal,334,brace,2.447153e-05
42,leg,46,leg,N/A
299,brace,303,brace,6.022320e-06
351,brace,355,brace,2.327243e-05
145,horizontal,146,horizontal,6.399867e-07
110,horizontal,236,brace,6.400172e-07
142,horizontal,38,leg,N/A
410,brace,86,leg,N/A
273,brace,34,leg,N/A
367,brace,374,brace,2.338089e-06
270,brace,28,leg,N/A
210,brace,7,leg,N/A
127,horizontal,24,leg,N/A
439,brace,92,leg,N/A
121,horizontal,242,brace,8.276783e-06
34,leg,38,leg,N/A
119,horizontal,240,brace,8.276783e-06
155,horizontal,54,leg,N/A
207,brace,4,leg,N/A
270,brace,31,leg,N/A
120,horizontal,254,brace,6.400172e-07
383,brace,390,brace,2.127936e-06
271,brace,32,leg,N/A
408,brace,416,brace,2.324595e-06
111,horizontal,112,horizontal,6.400172e-07
134,horizontal,35,leg,N/A
282,brace,39,leg,N/A
451,brace,94,leg,N/A
397,brace,398,brace,2.135594e-06
166,horizontal,335,brace,2.200452e-05
321,brace,55,leg,N/A
417,brace,85,leg,N/A
274,brace,39,leg,N/A
198,horizontal,426,brace,3.280990e-07
271,brace,36,leg,N/A
348,brace,65,leg,N/A
326,brace,63,leg,N/A
20,leg,259,brace,N/A
158,horizontal,334,brace,8.994886e-07
353,brace,357,brace,2.327243e-05
213,brace,99,horizontal,6.400172e-07
140,horizontal,291,brace,1.062984e-05
361,brace,370,brace,3.725199e-09
137,horizontal,138,horizontal,6.400172e-07
3,leg,97,horizontal,N/A
198,horizontal,202,horizontal,1.545103e-06
280,brace,284,brace,4.474023e-06
23,leg,262,brace,N/A
149,horizontal,45,leg,N/A
119,horizontal,120,horizontal,6.400172e-07
309,brace,51,leg,N/A
142,horizontal,143,horizontal,6.400172e-07
296,brace,50,leg,N/A
314,brace,51,leg,N/A
357,brace,70,leg,N/A
369,brace,370,brace,2.381810e-06
382,brace,406,brace,2.500191e-06
379,brace,387,brace,2.381277e-06
148,horizontal,149,horizontal,6.400172e-07
392,brace,416,brace,2.453134e-06
150,horizontal,47,leg,N/A
186,horizontal,400,brace,5.854137e-06
201,horizontal,432,brace,3.532993e-07
321,brace,54,leg,N/A
424,brace,93,leg,N/A
257,brace,26,leg,N/A
122,horizontal,127,horizontal,1.545131e-06
139,horizontal,274,brace,1.048063e-05
453,brace,91,leg,N/A
298,brace,44,leg,N/A
166,horizontal,347,brace,2.378340e-05
283,brace,37,leg,N/A
166,horizontal,65,leg,N/A
153,horizontal,319,brace,1.266392e-06
172,horizontal,67,leg,N/A
124,horizontal,248,brace,6.400172e-07
397,brace,87,leg,N/A
408,brace,432,brace,2.976366e-06
147,horizontal,303,brace,6.265995e-07
360,brace,361,brace,2.334321e-06
362,brace,387,brace,1.320141e-07
229,brace,6,leg,N/A
96,horizontal,99,horizontal,1.545131e-06
199,horizontal,436,brace,3.532993e-07
110,horizontal,111,horizontal,6.400172e-07
440,brace,93,leg,N/A
198,horizontal,201,horizontal,6.400111e-07
167,horizontal,66,leg,N/A
67,leg,71,leg,N/A
180,horizontal,371,brace,4.869261e-06
362,brace,363,brace,2.334321e-06
180,horizontal,363,brace,5.188296e-06
114,horizontal,117,horizontal,6.400172e-07
35,leg,39,leg,N/A
285,brace,34,leg,N/A
391,brace,400,brace,3.586753e-09
0,leg,98,horizontal,N/A
118,horizontal,121,horizontal,6.400172e-07
137,horizontal,34,leg,N/A
116,horizontal,19,leg,N/A
122,horizontal,259,brace,1.000902e-06
1,leg,103,horizontal,N/A
148,horizontal,151,horizontal,6.400172e-07
411,brace,86,leg,N/A
196,horizontal,435,brace,6.942799e-06
191,horizontal,417,brace,5.189437e-06
430,brace,92,leg,N/A
165,horizontal,342,brace,2.159841e-05
359,brace,360,brace,2.385790e-06
288,brace,42,leg,N/A
179,horizontal,180,horizontal,6.400020e-07
378,brace,385,brace,3.642665e-09
119,horizontal,17,leg,N/A
439,brace,440,brace,2.921059e-06
309,brace,313,brace,6.405012e-06
318,brace,322,brace,7.726206e-06
428,brace,436,brace,3.862433e-06
177,horizontal,372,brace,1.343790e-06
294,brace,39,leg,N/A
164,horizontal,58,leg,N/A
12,leg,243,brace,N/A
104,horizontal,105,horizontal,6.399562e-07
223,brace,8,leg,N/A
420,brace,83,leg,N/A
283,brace,32,leg,N/A
202,horizontal,436,brace,3.998263e-07
115,horizontal,244,brace,8.276783e-06
210,brace,222,brace,3.274235e-06
335,brace,64,leg,N/A
363,brace,78,leg,N/A
155,horizontal,307,brace,7.398971e-07
183,horizontal,377,brace,5.679253e-06
113,horizontal,223,brace,6.399562e-07
395,brace,419,brace,2.453137e-06
153,horizontal,154,horizontal,1.545057e-06
267,brace,29,leg,N/A
332,brace,58,leg,N/A
211,brace,98,horizontal,7.853484e-06
275,brace,32,leg,N/A
151,horizontal,298,brace,1.308550e-05
392,brace,393,brace,1.944707e-06
313,brace,51,leg,N/A
187,horizontal,188,horizontal,6.399829e-07
181,horizontal,373,brace,4.869261e-06
180,horizontal,75,leg,N/A
424,brace,449,brace,2.397099e-07
264,brace,29,leg,N/A
118,horizontal,21,leg,N/A
339,brace,56,leg,N/A
164,horizontal,63,leg,N/A
19,leg,254,brace,N/A
102,horizontal,220,brace,6.399562e-07
128,horizontal,24,leg,N/A
256,brace,268,brace,3.497105e-06
192,horizontal,420,brace,5.189436e-06
177,horizontal,75,leg,N/A
0,leg,4,leg,N/A
198,horizontal,199,horizontal,6.400111e-07
13,leg,9,leg,N/A
349,brace,62,leg,N/A
206,horizontal,445,brace,7.691083e-06
429,brace,430,brace,2.972435e-06
195,horizontal,198,horizontal,1.810193e-06
394,brace,86,leg,N/A
175,horizontal,176,horizontal,9.112402e-07
110,horizontal,8,leg,N/A
100,horizontal,214,brace,6.400172e-07
204,horizontal,205,horizontal,6.399839e-07
408,brace,85,leg,N/A
150,horizontal,312,brace,6.995711e-07
346,brace,358,brace,2.111612e-05
412,brace,436,brace,2.976366e-06
186,horizontal,187,horizontal,6.399829e-07
388,brace,389,brace,2.127937e-06
249,brace,26,leg,N/A
330,brace,56,leg,N/A
152,horizontal,52,leg,N/A
419,brace,82,leg,N/A
212,brace,99,horizontal,7.853484e-06
48,leg,52,leg,N/A
58,leg,62,leg,N/A
410,brace,90,leg,N/A
356,brace,65,leg,N/A
165,horizontal,56,leg,N/A
158,horizontal,57,leg,N/A
325,brace,59,leg,N/A
133,horizontal,264,brace,8.669741e-06
250,brace,254,brace,4.693681e-06
133,horizontal,134,horizontal,6.399867e-07
198,horizontal,434,brace,3.532993e-07